Word,Checked
all along,32
across the board,34
air his dirty laundry in public,37
act up,0
add up,0
ask after/for,0
back down / back off,0
back up,0
bargain for/on,0
be off,0
be taken aback,0
bear out,0
beat up,0
beg off,0
blow up,0
bone up on,0
break in,0
break off something,2
break out,11
break up,0
bring / take back,0
bring about,0
bring off,0
bring on,0
bring / get round,0
brush up,0
burn down,0
burn up,0
call on,0
call up,0
care for,0
carry off,0
catch up with,0
check off,0
check out,0
chew out,0
come about,0
come/run across something or someone,0
come off,0
come out,11
come round or come to,0
come to,0
come up,0
come up against,0
come up to,15
crop up,33
cut off,0
die out,0
do away with,0
do in,0
do up,0
drag on,0
draw out,0
drop in/by/over,0
egg on,30
fall about,0
fall back on,0
fall for,0
fall out,0
fall through,0
feel up to,0
fill in for,0
follow up,0
get around,0
get round/around to,0
get away with,8
get by,38
get down,20
get down to,0
get off,0
get off with,0
get on,0
get over with,0
get round someone,0
get through,0
get up to,0
give off,0
give out,0
give over,21
go back on,0
go down,0
go for,29
go in for,38
go off,0
go out with,0
go round,0
go with something,0
grow on,0
hang onto,0
have it in for,0
have someone on,0
hit upon/on,0
hold out,0
hold up,0
hold with,0
jack up,0
keep on / keep up / keep going,0
knock out,24
lay down,0
let on,0
live down,0
live up to,0
look back on,0
look in on,34
look on,0
look round,0
look up,0
luck out,0
make for,0
make out,0
make someone out,0
make up,0
mark down,0
mark up,0
nod off,0
own up,0
pack in,0
pan out,2
pitch in,0
pull over,0
put across,22
put in for,34
put off,8
put oneself out,0
put through,0
put up,0
put up with,0
run down,10
run in,0
run into,0
run over,0
run to,0
run up against,0
see someone off,0
see through,0
send up,0
set about,0
set back,0
set off,37
set on / set (up) on,0
set out,0
sink in,0
slip up,0
speak up,0
stand by,0
stand for,0
stand in for,9
stand up to,0
step down,0
stick up for,0
take (it) out on,0
take in,0
take to someone,30
take up,8
talk out of or into,0
tick off,0
tie in with,0
track down,0
turn in,0
wear out,0
work out,0
wrap up,0
an arm and a leg,0
at fault,0
at odds,0
at someone's beck and call,0
at one's wit's end,0
at the end of someone's rope,0
back out of,0
ballpark figure,0
bang for the buck,0
bank on it,0
banker's hours,0
batting a thousand,0
bat an eyelash,0
bawl out,0
beat someone to the punch,0
beat the rap,0
bide someone's time,0
blow the whistle,0
boil down,0
bomb,0
bone to pick with someone,0
boob tube,0
booze,0
botch it up,0
bounce,6
break even,0
breathe a word,0
brown bag,0
buckle down,0
bulldoze,0
bury the hatchet,0
by hook or by crook,0
call off,0
call someone's bluff,0
call the shots,0
can,0
can of worms,0
carry away,0
caught short,0
chalk up,0
change of heart,0
chip off the old block,0
chip on someone shoulder,3
clamp down,0
clear,0
clear the air,0
came clean,0
come hell or high water,0
come off it,0
come on strong,0
came through with flying color,0
cook someone's goose,0
cough it up / cough up,0
crack down,0
cream of the crop,33
cut down,0
cut someone down to size,0
dawn on,14
dime a dozen,0
dive,0
down and out,5
down in the dumps,0
down the drain,20
down to earth,15
dribs and drabs,0
drive at,0
drive someone up a wall,0
drown one's sorrows,0
dwell on,0
earful,0
"every Tom, Dick and Harry",0
fall off,0
fast buck,0
feather in someone's cap,0
feel it in someone's bones,0
fill someone in,0
fishy,0
fix someone up,0
flip one's lid,0
floor someone,0
flew the coop,0
fly-by-night,0
for a song,15
for the birds,0
freeloader,0
out of left field,0
fume,0
gall,0
game,0
get a grip on oneself,0
get a load of,14
get ahead,0
get in on the ground floor,0
get into the swing of things,0
get off someone's back,0
get off on the wrong foot,0
get someoneÃÂÃÂÃÂÃÂÃÂÃÂÃÂÃÂÃÂÃÂÃÂÃÂÃÂÃÂÃÂÃÂÃÂÃÂÃÂÃÂÃÂÃÂÃÂÃÂÃÂÃÂÃÂÃÂÃÂÃÂÃÂÃÂÃÂÃÂÃÂÃÂÃÂÃÂÃÂÃÂÃÂÃÂÃÂÃÂÃÂÃÂÃÂÃÂÃÂÃÂÃÂÃÂÃÂÃÂÃÂÃÂÃÂÃÂÃÂÃÂÃÂÃÂÃÂÃÂÃÂÃÂÃÂÃÂÃÂÃÂÃÂÃÂÃÂÃÂÃÂÃÂÃÂÃÂÃÂÃÂÃÂÃÂÃÂÃÂÃÂÃÂÃÂÃÂÃÂÃÂÃÂÃÂÃÂÃÂÃÂÃÂÃÂÃÂÃÂÃÂÃÂÃÂÃÂÃÂÃÂÃÂÃÂÃÂÃÂÃÂÃÂÃÂÃÂÃÂÃÂÃÂÃÂÃÂÃÂÃÂÃÂÃÂÃÂÃÂÃÂÃÂÃÂÃÂ¢ÃÂÃÂÃÂÃÂÃÂÃÂÃÂÃÂÃÂÃÂÃÂÃÂÃÂÃÂÃÂÃÂÃÂÃÂÃÂÃÂÃÂÃÂÃÂÃÂÃÂÃÂÃÂÃÂÃÂÃÂÃÂÃÂÃÂÃÂÃÂÃÂÃÂÃÂÃÂÃÂÃÂÃÂÃÂÃÂÃÂÃÂÃÂÃÂÃÂÃÂÃÂÃÂÃÂÃÂÃÂÃÂÃÂÃÂÃÂÃÂÃÂÃÂÃÂÃÂÃÂÃÂÃÂÃÂÃÂÃÂÃÂÃÂÃÂÃÂÃÂÃÂÃÂÃÂÃÂÃÂÃÂÃÂÃÂÃÂÃÂÃÂÃÂÃÂÃÂÃÂÃÂÃÂÃÂÃÂÃÂÃÂÃÂÃÂÃÂÃÂÃÂÃÂÃÂÃÂÃÂÃÂÃÂÃÂÃÂÃÂÃÂÃÂÃÂÃÂÃÂÃÂÃÂÃÂÃÂÃÂÃÂÃÂÃÂÃÂÃÂÃÂÃÂÃÂÃÂÃÂÃÂÃÂÃÂÃÂÃÂÃÂÃÂÃÂÃÂÃÂÃÂÃÂÃÂÃÂÃÂÃÂÃÂÃÂÃÂÃÂÃÂÃÂÃÂÃÂÃÂÃÂÃÂÃÂÃÂÃÂÃÂÃÂÃÂÃÂÃÂÃÂÃÂÃÂÃÂÃÂÃÂÃÂÃÂÃÂÃÂÃÂÃÂÃÂÃÂÃÂÃÂÃÂÃÂÃÂÃÂÃÂÃÂÃÂÃÂÃÂÃÂÃÂÃÂÃÂÃÂÃÂÃÂÃÂÃÂÃÂÃÂÃÂÃÂÃÂÃÂÃÂÃÂÃÂÃÂÃÂÃÂÃÂÃÂÃÂÃÂÃÂÃÂÃÂÃÂÃÂÃÂÃÂÃÂÃÂÃÂÃÂÃÂÃÂÃÂÃÂÃÂÃÂÃÂÃÂÃÂÃÂÃÂÃÂÃÂÃÂÃÂÃÂÃÂÃÂÃÂÃÂÃÂÃÂÃÂÃÂÃÂÃÂÃÂÃÂÃÂÃÂs goat,0
get out from under,0
give one the ax / get the ax,0
get what's coming to someone,0
give someone the cold shoulder,38
get someone's walking papers,0
go cold turkey,0
going from bad to worse,0
go overboard,0
go steady,0
going to bat for,24
go to pot,0
go-getter,0
goner,0
good sport,0
goof off,0
greasy spoon,0
half baked,0
hand over fist,0
hand to someone on a silver platter,0
hand to mouth,0
hard up,0
harp on,0
has-been,0
have a mind of one's own,0
have a prayer,0
has been around,0
have something coming,0
have it made,0
have it out with someone,0
have one's feet on the ground,0
have someone's hand in the till,0
have the heart to,0
haywire,0
high and dry,0
high and low,0
high-brow,0
hit it off,0
hit the bottle,0
up to speed,0
hit the spot,0
hogwash,0
hot / hottest,0
hot air,0
hound,0
ill at ease,0
in a bind,0
in a pinch,0
in a rut,9
in black and white,23
in nothing flat,0
in stitches,22
iron out,0
jack-of-all-trades,0
jalopy,0
jitters,0
John Hancock,0
jumps down someone's throat,0
jump the gun,0
keep one's nose clean,0
keep someone's shirt on,0
kick oneself,0
knock one dead,0
knock one for a loop,0
knock one's head against the wall,0
knockout,0
know if I was coming or going,0
kosher,10
lay out,0
learn the rope,0
leave someone holding the bag,0
lemon,0
let bygones be bygones,0
let it ride,0
let the chips fall as they may,0
like a ton of bricks,0
live high off the hog,0
live it up,0
live wire,0
loony bin,0
lose one's marbles,0
louse up,0
lowdown,0
lower the boom,0
make a dent,12
make a federal case out of,0
make a go of,0
make one's mouth water,0
miss a trick,0
mooch,0
mouthful,0
mudslinging,0
mum's the word,0
name someone after,0
nest egg,0
nightcap,0
nincompoop,0
nip it in the bud,0
nitpicking,0
nitwit,23
no dice,0
no picnic,0
nobody's fool,0
nothing to sneeze at,0
nuts about,0
odds and ends,0
off-color,0
off one's rocker,32
off the hook,0
off the top of someone's head,0
old flame,0
on a shoestring,0
on easy street,0
on its last leg,0
on the fritz,0
on the go,0
on the level,0
on the rocks,0
on the spot,33
on the wagon,0
on the warpath,0
once-over,0
one for the books,0
one's heart is in (one's) mouth,0
out of sorts,0
out of the woods,5
out on a limb,0
over a barrel,0
pad the bill,0
one's heart is in the right (wrong) place,0
pass the buck,0
pay through the nose,0
pep talk,0
perk up,0
pick up the tab,0
pick-me-up,0
pill,0
pinching pennies,0
pink slip,0
play hooky,0
play it by ear,0
playing the field,0
play up to,37
pound the pavement,20
pour it on thick,0
pull a fast one,0
not pull any punches,0
pull strings,0
pull the rug out from under,0
pull up stakes,0
push someone around,0
put anything past someone,0
put someone in someone's place,0
put someone through the wringer,0
put up a good front,0
rake over the coals,0
raw deal,0
right off the bat,0
rings a bell,0
road hog,0
rope into,0
rub it in,0
rule out,0
rule the roost,0
running around in circles,0
running ragged,0
variety is the spice of life,0
as long as,0
at hand,18
break down,0
bring up,0
can't stand; cant bear; put up with,0
catch on,0
cut out,0
do one good,0
draw up,0
drop off,0
feel like,0
take pity on,38
for good,0
fringe benefit,17
get one's way,0
get out of,0
go around,0
hold off,2
in charge of,0
in the way/on the way,0
keep off,0
lay off,0
make a face,25
make believe,0
pass out,0
put something on,35
put out,0
send for,0
show up,0
stay up,0
take after,7
take down,0
take hold of,0
take off,0
take one's time,0
take over,0
take pains,0
take time off,0
tell apart,0
throw up,0
wait on,0
wait up for,0
why not?,0
ask over,0
come up with,0
cover up,0
follow through with,0
get on with,35
get to,0
go along with,0
team up with,0
think back on,0
I am inclined to disagree,0
be bound to,0
adhere to,0
stringent,0
levy,0
breadwinner,0
ample choice,0
acute,0
the needy,0
the overwhelming majority of,0
unwind,0
soak up,0
beauty is in the eye of the beholder,0
get a business off the ground,0
fork out money on,0
squabble,0
exorbitant,0
tuition fees,0
forge relationships,2
have guests / friends over,31
weigh up,0
affluent,0
traffic congestion,0
run up,0
jovial,0
part and parcel of being,0
infringe,0
reticent,0
draw up rules,0
detrimental,0
greying,0
foot the bill,25
tedious,0
thorny,0
seemingly insurmountable,0
work long hours,0
land a job,0
broaden your horizons,0
take out a loan,0
pay off,0
be an avid fan of,0
doesn't appeal to me,0
tertiary,0
refrain from,0
breeding,0
cloak,2
peg,0
puddle,0
frigid,0
latitude,0
maid,0
recline,37
shack,0
teller,0
wager,0
dine,0
legislative,0
roam,0
shortening,0
beau,0
crab,0
dense,26
extravagant,0
hoop,0
perceive,0
schemer,0
sleet,0
bring out,0
dragnet,0
droplet,0
funky,0
probe,0
rioter,0
shape up,14
chill,0
employee,0
livelihood,0
attic,0
due,0
entitle,29
resent,0
wreck,0
elate,0
foreman,0
inference,0
ponderous,0
reluctant,0
skim,0
poke fun at,33
poodle,0
sawbuck,0
sundae,0
mountebank,0
watchman,0
yield,0
flabby,0
mitten,0
vision,18
drill,0
igneous,0
commence,0
counselor,0
gleam,0
lunge,0
bewilder,0
brawl,0
coarse,0
turf,0
waterfront,0
whirling,25
revise,0
confidence man,0
eardrum,0
wilderness,0
hardy,0
molasses,0
complimentary,0
glance,0
lubricate,0
nimble,0
rave,0
sure footed,0
indeed,0
morsel,20
resort,0
defiant,0
devour,0
jagged,0
shrew,4
uneven,0
wither,0
baffle,0
gore,0
multitude,0
plea,0
roundabout,0
sauce,0
toil,0
weary,0
benevolent,0
delinquent,0
hiker,0
trout,0
vocation,3
dauntless,0
fang,0
precaution,17
bargain,0
dime,0
impartial,6
trifle,0
bigamy,15
lather,0
plaster,0
quintuplet,0
squander,0
weld,0
beckon,0
befall,0
bunt,0
compel,0
fellow man,0
jaywalking,0
quench,0
bout,0
ivy,0
stingy,0
thrifty,0
thriving,0
decay,0
disclose,0
exile,0
offender,0
outcast,0
outlaw,0
blunder,0
conscience,0
daze,0
exempt,0
razor,0
survey,0
amidst,0
mortgage,0
mortify,0
mortuary,0
pertain,0
waddle,0
frontier,0
hatch,0
idle rumors,0
stock,0
bunk,0
Ceres,0
distress,0
trojan,0
indistinctly,0
merry,0
shrill,0
wad,0
rehearsal,0
smallpox,0
temprate,0
aspire,0
avail,25
subsequent,0
brew,0
intermission,0
measles,8
scorch,0
grumble,0
heir,0
raft,0
summit,0
surplus,0
thump,0
wear on,0
drench,0
fleet,0
customary,0
debtor,0
depart,0
legible,0
mutton,0
placard,0
unearth,0
ailment,0
barbed,3
chiropractor,0
corpulent,0
magnify,0
obstruction,0
stoutness,0
swindle,0
turnout,0
assertive,0
beset,0
complacent,0
porch,0
preoccupied,21
rehabilitate,0
stain,0
ballot,0
deed,0
forgery,0
heave,0
ponder,0
roundup,0
snub,0
anticipate,0
inherent,0
deplete,0
stable,0
arbitrary,0
denominator,0
exponentially,0
infinitesimal,0
accuracy,0
feasibly,0
gut,0
integrally,0
derive,0
expeditiously,0
consciously,0
recede,0
animism,0
ecclesiastical,0
exalt,0
divination,0
meditate,0
psychic,0
self-perpetuating,0
vestige,0
biased,0
counter,0
notion,0
paradigm,0
distinctly,0
implicit,0
parochial,36
roster,0
secular,0
conquest,0
devise,0
diminish,0
longitude,0
milieu,0
reconciliation,0
commodity,0
equity,0
net,6
subsidy,0
tangible,0
affluence,0
assess,0
asset,0
liability,0
dynamic,0
enterprising,0
incentive,0
industrious,0
marginal,0
merit,32
entrepreneurial,0
haggle,8
intrepid,0
shuttle,0
contest,0
offense,0
apprehend,0
ascertain,0
condemn,0
implicate,0
assail,0
impair,0
tolerate,0
integrity,0
prevalent,0
deviant,0
predicament,0
smuggle,0
interdict,14
misconception,0
subtly,0
cohesion,0
legitimate,0
affection,0
bond,0
clique,0
confide,0
exclusive,0
fluctuate,0
engender,0
proliferation,0
berate,0
contemptuous,0
obnoxious,13
stigmatize,0
cause,0
fringe,0
hypocritically,0
status quo,37
intrinsic,0
portrayal,0
connotation,0
denote,0
ingenious,0
medium,0
skit,0
zeal,0
ace,0
and then some,35
at the eleventh hour,0
bad mouth,0
be in and out,0
be on the go,0
be up and running,0
beat,0
beat around the bush,0
beat one's brains out,0
bent out of shape,0
blow one's top,0
boom box,0
break someone's heart,12
bull-headed,0
bundle,0
bushed,34
call it quits / call it a day,0
can't make heads or tails of something,0
cinch,0
cool it,0
couch potato,0
cut it out!,0
count chickens until (before) they hatch,0
dicey,0
easy does it,0
elbow grease,0
far-fetched,15
feel puny,0
fender-bender,12
get a kick out of something,0
get on one's nerves,0
get one's wires crossed,0
get up and go,0
hard feelings,0
hard-headed,0
hands full,0
have something down pat,13
head honcho,0
hit the hay,0
hit the sack,2
how come?,0
in over one's head,0
inside out,0
in the black,34
in the red,0
jump all over,0
keep one's nose to the grindstone,23
know-it-all,0
leave well enough alone,0
let sleeping dogs lie,0
live from hand to mouth,0
low blow,0
lousy,0
make a mountain out of a molehill,0
nosh,0
not on your life,0
now and again / now and then,0
on the dot,0
on the cutting edge,0
over one's head,0
pay the piper,0
pooped,0
pull an all-nighter,0
pull leg,0
rain or shine,0
rub someone the wrong way,0
run-down,0
savvy,0
snap,0
make his/her own bed; now let him/he lie in it,0
state of the art,0
step on it!,0
toss something,0
tight-fisted,4
tightwad,0
under the weather,0
until one's blue in the face,0
was my face red!,0
wear out welcome,0
what for,0
wishy-washy,0
with bells on,0
would just as soon,0
you don't say,0
yucky,0
yummy,0
zilch,0
chip in,0
come across as,0
come forward,0
cut back on something,0
do someone/something over,0
do something up,0
drop back,0
fill something in / fill something out,0
fill someone/something up,0
get away from someone/something,23
get back at someone,0
get over,0
give away,30
give in,0
go after something,0
go ahead,11
go over something,0
go over,0
go without something,0
grow apart,0
hand down,0
hand in,0
hang in there,13
hang on,0
hold on,0
hold onto someone/something,0
look into something,0
look over,0
look up to someone,0
pass something up,0
run through something,0
sleep over,0
stick to something,0
think something over,0
turn somebody / something down,0
turn up,0
try something on,0
wear off,0
hold down the fort,0
pull (something) out of (one's) hat,0
jump on the bandwagon,0
comply to,0
roll with the punches,0
resilience,0
be saved by the bell,0
all hell breaks loose,0
quirky,0
rubbish man / garbage man,8
empathetic,0
split second,0
a blessing in disguise,0
fair dinkum,0
bloody ripper,0
minced meat,0
doozy,0
straight away,0
in the middle of nowhere,0
go walkabout,0
redeem,0
bloke,0
give (something/someone) a go,0
cut (someone) some slack,0
folks,0
lingo,0
knock off,0
someone is dreaming,0
throw over,0
apartment,0
townhouse,0
down payment,0
go through,0
single-family home,0
vacation leave,0
sign off,29
maternity leave,0
leave of absence,18
sick leave,0
straight out,0
wild weekend,0
rear-end,0
SUV,35
wuss,0
buckle up,0
get caught up,0
be worked up,0
have been over this,0
what's the big deal,0
inconsiderate,0
overreact,0
make it up to,20
have you been helped?,0
roll over,0
abash,0
abate,0
aberrant,0
abject,0
abjure,0
abnegate,0
abrogate,0
abscond,0
abstemious,0
abstruse,11
abysmal,0
accede,0
accolade,0
accrete,0
acerbic,0
acumen,0
adduce,0
adroit,0
adulation,0
adulterate,0
adumbrate,0
aesthetic,0
affectation,0
aggrandize,0
aggregate,0
aghast,0
alacrity,0
allege,0
amalgamate,0
ambience,12
ambivalent,0
ameliorate,3
amenable,0
amorphous,0
ancillary,0
animosity,0
anodyne,0
antecedent,0
apex,0
apocryphal,0
apogee,0
apostasy,0
apotheosis,0
apposite,0
appropriate,0
arcane,0
archetype,0
arduous,0
arrant,0
artless,0
ascetic,0
asseverate,0
astute,0
attrition,27
audacious,0
augment,0
augur,5
auspicious,0
austere,0
avarice,0
aver,0
avow,0
baleful,0
beatify,0
belabor,0
beleaguer,0
belie,29
benign,0
bereave,0
bilious,0
blithe,0
bolster,0
bucolic,0
burgeon,0
cacophony,0
callow,0
calumny,0
canonical,0
captious,0
cardinal,0
catholic,8
caustic,0
cavil,18
celerity,29
censure,0
chagrin,0
chary,0
chicanery,0
circumspect,0
coalesce,0
cogent,0
cognizant,0
collusion,0
commensurate,34
complaisance,0
connoisseure,0
consecrate,0
consonant,27
consummate,0
contentious,0
contiguous,0
contretemps,20
contrite,0
convention,0
convivial,0
convoluted,0
copious,9
corrigible,0
corroborate,0
coterie,0
credulous,0
cull,0
culpable,0
cursory,0
daunt,0
dearth,0
debacle,0
debauchery,0
decorous,0
decorum,0
deleterious,0
demur,0
deprecate,6
derision,0
descry,0
desiccate,0
desuetude,0
desultory,0
diaphanous,0
diatribe,0
didactic,0
diffident,0
dilapidated,0
dilettante,0
disabuse,0
discomfit,0
discordant,0
discourse,0
discretion,0
disinterested,0
disparage,0
disparate,0
dissemble,0
diurnal,33
divulge,0
doggerel,0
dogmatic,0
ebullience,0
eccentric,0
eclectic,0
effrontery,0
egregious,0
egress,0
elegy,0
eloquent,0
elucidate,24
emollient,0
empirical,0
encomium,0
enervate,0
ennui,0
ephemeral,0
epicure,0
epitome,0
equanimity,0
equivocate,0
eschew,0
esoteric,0
espouse,0
estimable,0
eulogy,0
evince,0
exacerbate,0
excoriate,0
exculpate,0
execrate,0
exegesis,0
exhort,0
exigent,0
exonerate,0
expiate,0
exposition,0
extemporaneous,0
extol,0
facetious,0
facile,0
fallacy,0
fatuous,0
fawn,0
fecund,0
fell,0
fervent,0
fetter,0
flag,22
flippant,0
flout,0
foment,0
forbear,0
fortuitous,0
founder,0
fractious,0
fulminate,0
fulsome,0
furtive,0
gainsay,0
gambit,0
garrulous,0
genial,0
germane,0
glib,0
gratuitous,0
hackneyed,0
halcyon,0
harangue,0
harbinger,0
hegemony,0
hirsute,0
hoary,33
hubris,0
husband,0
hyperbole,0
iconoclast,0
idolatrous,0
ignominy,0
imbroglio,0
imminent,0
impassive,0
impecunious,0
imperturbable,0
impetuous,0
importune,0
impromptu,0
impunity,0
incandescent,0
inchoate,0
incipient,20
incorrigible,0
indefatigable,0
indifferent,0
indolent,0
ineluctable,0
inept,0
inert,0
inexorable,0
infelicitous,0
inimical,0
innocuous,0
insipid,0
insouciance,0
intractable,0
intransigent,0
inundate,0
inured,0
inveigle,0
invidious,0
irascible,19
itinerant,0
jejune,0
judicious,0
lachrymose,0
lament,29
largess,0
lascivious,0
lassitude,0
laud,0
levee,0
levity,21
licentious,0
ligneous,0
limn,0
loquacious,0
lubricous,0
lucid,0
lugubrious,0
magnanimity,9
malevolent,0
malleable,0
manifest,0
maudlin,0
maxim,0
mellifluous,0
mendacity,0
mendicant,0
mercurial,0
meticulous,0
minatory,37
mitigate,0
mollify,0
morose,0
motility,0
mundane,0
nadir,0
nascent,0
nebulous,0
neophyte,0
nominal,0
nonplus,0
novel,22
noxious,20
nugatory,0
obdurate,0
obfuscate,0
oblique,0
obsequious,0
obstinate,0
obstreperous,0
obtuse,36
obviate,0
occlude,0
onerous,0
opaque,0
opprobrium,0
oscillation,0
ossify,0
otiose,0
paean,0
panacea,0
panegyric,0
parry,0
parsimonious,0
partisan,0
patina,0
paucity,0
pedagogy,0
pedantic,0
pedestrian,0
pellucid,0
penurious,0
penury,0
perennial,0
perfidy,0
perfunctory,0
peripatetic,0
pernicious,0
perorate,0
perspicacious,0
perturb,0
pervade,0
pervasive,0
pine,0
pious,0
piquant,0
pith,0
placate,0
placid,0
plaintive,0
plangent,0
platitude,0
plethora,0
pluck,0
plumb,0
plummet,0
polemical,0
portent,0
pragmatic,0
prattle,0
precipitate,0
precipitous,0
precursor,0
predilection,0
preen,0
presage,0
prescience,0
presumptuous,0
prevaricate,0
pristine,8
privation,0
probity,0
proclivity,0
prodigal,0
profligate,0
profuse,0
proliferate,0
prolix,0
propensity,0
propinquity,0
propitiate,0
prosaic,0
prurient,0
puerile,0
puissant,0
pulchritude,0
pungent,0
pusillanimous,0
putative,0
putrefy,0
quay,0
querulous,0
queue,0
quiescence,0
quintessential,0
quixotic,0
quotidian,0
rampart,0
rancorous,0
rarefy,0
recalcitrant,0
recant,0
recondite,0
redolent,0
redoubtable,0
refulgent,0
refute,36
relegate,0
remonstrate,0
remuneration,0
renege,0
replete,0
reprobate,0
reprove,0
repudiate,0
respite,0
reverent,0
rhetoric,0
ribald,0
sagacity,0
salubrious,0
salutary,0
sanguine,0
saturnine,0
sedulous,0
sententious,0
shard,0
sidereal,0
sinecure,0
solicitous,0
solvent,0
soporific,0
sordid,0
sparse,0
specious,0
spendthrift,0
sporadic,0
spurious,0
squalid,0
static,0
stentorian,0
stoic,0
stupefy,0
stygian,0
stymie,0
subtle,0
succinct,0
succor,0
superfluous,0
supine,0
supplant,0
surfeit,0
surreptitious,0
sycophant,17
synthesis,0
tacit,0
temerity,0
tenacity,0
tendentious,0
tenuous,0
terse,0
tirade,0
torpid,0
torque,0
tortuous,0
tout,0
transient,0
trenchant,5
truculent,0
turbid,0
turpitude,24
tyro,0
ubiquitous,0
unalloyed,0
unctuous,0
unfeigned,3
untenable,9
urbane,0
usury,0
vacillate,0
variegated,0
veracity,0
vexation,0
vigilant,0
vilify,0
virulent,0
viscous,0
vitiate,0
vituperate,0
volatile,0
voluble,0
voracious,0
wag,20
waver,0
wizened,0
zealous,0
face the music,0
vicious circle,0
drink like a fish,0
sell someone short,0
bite one's tongue,0
burn a hole in one's pocket,0
have a lot on one's plate,0
lose one's train of thought,0
low-key,0
on the tip of one's tongue,0
the thought/word escapes me,0
up in the air,0
be in charge of something,0
every other,0
just my luck!,0
make friends,0
on hand,0
on second thought,0
that will do,0
ad lib,0
apple of discord,0
backseat driver,0
be all in,0
be beside oneself,0
be better off,0
be cut out to be someone; be cut out for it,0
be out of sorts,0
"be pressed for time, for money",0
be touch and go,20
be up and around / about,0
be up to one's ears in something,0
bite the bullet,0
blow it,4
bottom line,0
bring home the bacon,0
by all means,0
call the tune,0
carry weight,0
castles in the air,37
catch someone's eye,0
catch one's breath,0
come to one's senses,0
cut corners,0
do one's bit,24
draw the line,0
duty calls,0
few and far between,0
frame of mind,0
get cold feet,0
get on one's high horse,0
get to the bottom of something,14
give someone a piece of one's mind,0
go for it,12
go to one's head,0
go to pieces,0
have a sweet tooth,0
have it in someone,23
have pull,0
hold it against someone,0
hold it!,0
hold one's own,0
in care of,0
in one's element,0
ins and outs,0
keep a straight face,0
keep someone posted,0
know the ropes,0
lay one's life on the line,0
leave it at that,0
let one's hair down,0
long shot,0
lose track of someone,0
lucky break,0
make allowance(s) for something,0
make a point of,0
make no bones about it,0
mean well,0
might as well,0
meet someone halfway,0
no go,0
off the cuff,0
on edge,0
on the chance; on the off chance,0
on the spur of the moment,0
pack rat,0
potluck supper,0
pull the wool over someone's eyes,0
put a damper on something,0
put in a word for someone,0
put one's best foot forward,0
put one's foot in it / into it,0
rack one's brain,0
remember one to someone,0
rub elbows with; rub shoulders with,0
see eye to eye,0
see red,0
serve someone right,0
serve one's purpose,0
sleep on it,0
a slip of the tongue,0
smell a rat,0
so much the better,0
stand a chance,0
take a dim view of something,0
take a stand on something,10
take someone's word for it,0
take one's mind off things,0
take the words right out of someone's mouth,0
writing on the wall,0
make a long story short,0
say the least,0
try one's hand at something,0
turn the tide,0
up-and-coming,36
up in arms,0
waste one's breath,0
wet blanket,0
which way the wind blows,0
word for word,0
tie up,0
when is a good time?,0
upside down / right side up,0
I'm not following you,0
the second to last,0
oversleep,0
gone for the day,0
put down,0
earthbound,0
palliate,0
satyriasis,0
priapic,0
sardonic,0
savant syndrome,22
oxytocin,0
preliminary,0
plebs,0
patrician,0
bring alive,0
agree with,0
worlds apart,0
aptitude test,0
come to the attention,0
an apology for,0
what was all that about?,0
make one's apologies,0
come alive,0
add fuel to the fire,0
do/use in anger,0
be the apple of someone's eyes,0
while you're at it,0
alarm bells ring,0
a different animal,0
absence makes the heart grow fonder,0
all aboard!,0
in the air,0
all in all,0
answer the door,0
high on the agenda,0
for anything,0
assure yourself,0
above all,0
on approval,11
altogether,0
sex appeal,0
to the best of one's ability,0
apply yourself,0
is not all that,0
act your age,17
advanced age,0
accidents (will) happen,31
take aim at,0
make an appearance,0
I couldn't agree more,32
without further ado,0
on account,0
when the need arises,0
ask in,0
from afar,0
be somebody's alone,0
have all the answers,0
add to that,0
insatiable appetite,0
along the way,0
answer a need,0
bread and butter,0
beat it,0
go blank,0
a little bird told me,0
back away,0
best before,0
behind bars,0
bear fruit,0
the ball is in someone's court,0
blow your nose,0
don't hold your breath,0
go ballistic,0
brush yourself down,0
by the book,0
make a buck,0
would you believe it!,0
a ball of fire,0
in someone's birthday suit,0
blood is thicker than water,0
be makin' a bank,0
on the ball,0
what brings you here?,0
too bad,0
build bridges,0
beauty is only skin-deep,0
back the wrong horse,0
be on your back,12
bear with someone,14
back and forth,0
touch base,0
wanna bet?,0
on a budget,0
"once bitten, twice shy",0
be that as it may,0
by night,0
burst someone's bubble,0
big mouth,0
at the back of someone's mind,0
the back of beyond,0
bags,0
in the bag,0
a bag of bones,0
in the bargain,0
buy in bulk,0
break a habit,0
a bird in the hand,0
can't be bad,0
beat the clock,0
you've made your bed and you must lie on it,0
by day,0
I bet,0
in broad daylight,0
my bad!,0
with one's bare hands,0
lay bare,0
beats me,0
seeing is believing,0
balance the books,0
you bet!,0
hang in the balance,0
on one's conscience,0
clean sheet,0
a closed book,2
cry over spilt milk,0
recover one's composure,0
under a cloud of suspicion,0
on course,0
cry for help,0
out of commission,0
cool someone's heels,0
in commission,0
conflict of interests,13
at your earliest convenience,0
play it cool,0
combine business with pleasure,0
good copy,0
concerned with,0
around the corner,0
call in a loan,0
common ground,0
have a cow,0
commit adultery,0
cut class,0
you can't be too careful,0
of little consequence,0
and counting,0
regain consciousness,0
confirm you in your belief,0
beyond someone's comprehension,30
when the cat's away,0
by any chance,0
a conservative estimate,0
contents insurance,0
come to think of it,0
over the counter,0
put the cat among the pigeons,0
tight corner,7
confuse the issue,0
command of,0
comparing and contrasting,0
common touch,0
confer a title,15
fish for compliments,32
two sides of the same coin,0
with a clear conscience,0
brain candy,0
as far as somebody is concerned,0
cut the crap,0
come under attack,0
"two's company, three's a crowd",0
be a comment on,0
that's the way the cookie crumbles,0
cook the books,0
come into one's own,0
off course,0
keep one's composure,0
closing remarks,33
leave someone cold,0
clean copy,0
come over,0
crime doesn't pay,0
come through,32
return the compliment,0
disorderly conduct,0
in years to come,0
smart cookie,0
clean one's plate,0
catch it,0
on call,0
to whom it may concern,0
chuck it down,0
see if I care!,17
daft,0
never say die,0
how dare you,11
what's the damage,0
until you drop,0
draw near,0
be done for,0
be in deep water,0
day off,28
dot the i's and cross the t's,4
the damage is done,0
keep an ear to the ground,0
each to his own,0
lose face,0
bad faith,0
fall flat,0
good faith,0
fair's fair,0
gain ground,0
give the game away,0
old habits die hard,0
half an ear,0
half an eye,0
keep on ice,0
jack,0
be a joke,0
join hands,0
joint venture,0
is jamming,0
keep up appearances,13
it'll keep,0
like a lamb,0
the lady of the house,0
lad culture,4
see what somebody is made of,0
I'm not made of money,0
the name of the game,0
on the nail,0
somebody's name is mud,0
call somebody names,0
all too often,0
no offense,0
force the pace,0
be able to stand the pace,0
in quantity,0
in question,0
raise a smile,0
it never rains but it pours,0
back on the rails,0
go off the rails,0
raise your eyebrows,0
safe and sound,0
better safe than sorry,0
sadder and wiser,0
turn the tables,0
on the table,0
with your tail between your legs,0
be taken,0
give somebody to understand,0
ugly duckling,0
make oneself understood,5
with a vengeance,0
the vast majority,0
living wage,0
wage claim,0
years young,0
young at heart,0
yes and no,0
between the devil and the deep blue sea,0
beggars can't be choosers,0
barge in,0
barking up the wrong tree,0
be at the end of one's rope,0
baker's dozen,0
back handed compliment,19
a bitter pill to swallow,0
a watched pot never boils,0
an ace up one's sleeve,0
all wet,0
old chestnut,0
be at large,0
big wig,0
botch a job,0
blow smoke,7
have one's ducks in a row,0
can it,0
have someone by the short hairs,0
buy a pig in a poke,0
burn the candle at both ends,0
the bottom of the barrel,18
bull in a china shop,0
dead as a doornail,0
have a clean bill of health,0
cracker jack,5
credit where credit is due,0
champ at the bit,0
charm the pants off,0
canÃÂÃÂÃÂÃÂÃÂÃÂÃÂÃÂÃÂÃÂÃÂÃÂÃÂÃÂÃÂÃÂÃÂÃÂÃÂÃÂÃÂÃÂÃÂÃÂÃÂÃÂÃÂÃÂÃÂÃÂÃÂÃÂÃÂÃÂÃÂÃÂÃÂÃÂÃÂÃÂÃÂÃÂÃÂÃÂÃÂÃÂÃÂÃÂÃÂÃÂÃÂÃÂÃÂÃÂÃÂÃÂÃÂÃÂÃÂÃÂÃÂÃÂÃÂÃÂÃÂÃÂÃÂÃÂÃÂÃÂÃÂÃÂÃÂÃÂÃÂÃÂÃÂÃÂÃÂÃÂÃÂÃÂÃÂÃÂÃÂÃÂÃÂÃÂÃÂÃÂÃÂÃÂÃÂÃÂÃÂÃÂÃÂÃÂÃÂÃÂÃÂÃÂÃÂÃÂÃÂÃÂÃÂÃÂÃÂÃÂÃÂÃÂÃÂÃÂÃÂÃÂÃÂÃÂÃÂÃÂÃÂÃÂÃÂÃÂÃÂÃÂÃÂÃÂ¢ÃÂÃÂÃÂÃÂÃÂÃÂÃÂÃÂÃÂÃÂÃÂÃÂÃÂÃÂÃÂÃÂÃÂÃÂÃÂÃÂÃÂÃÂÃÂÃÂÃÂÃÂÃÂÃÂÃÂÃÂÃÂÃÂÃÂÃÂÃÂÃÂÃÂÃÂÃÂÃÂÃÂÃÂÃÂÃÂÃÂÃÂÃÂÃÂÃÂÃÂÃÂÃÂÃÂÃÂÃÂÃÂÃÂÃÂÃÂÃÂÃÂÃÂÃÂÃÂÃÂÃÂÃÂÃÂÃÂÃÂÃÂÃÂÃÂÃÂÃÂÃÂÃÂÃÂÃÂÃÂÃÂÃÂÃÂÃÂÃÂÃÂÃÂÃÂÃÂÃÂÃÂÃÂÃÂÃÂÃÂÃÂÃÂÃÂÃÂÃÂÃÂÃÂÃÂÃÂÃÂÃÂÃÂÃÂÃÂÃÂÃÂÃÂÃÂÃÂÃÂÃÂÃÂÃÂÃÂÃÂÃÂÃÂÃÂÃÂÃÂÃÂÃÂÃÂÃÂÃÂÃÂÃÂÃÂÃÂÃÂÃÂÃÂÃÂÃÂÃÂÃÂÃÂÃÂÃÂÃÂÃÂÃÂÃÂÃÂÃÂÃÂÃÂÃÂÃÂÃÂÃÂÃÂÃÂÃÂÃÂÃÂÃÂÃÂÃÂÃÂÃÂÃÂÃÂÃÂÃÂÃÂÃÂÃÂÃÂÃÂÃÂÃÂÃÂÃÂÃÂÃÂÃÂÃÂÃÂÃÂÃÂÃÂÃÂÃÂÃÂÃÂÃÂÃÂÃÂÃÂÃÂÃÂÃÂÃÂÃÂÃÂÃÂÃÂÃÂÃÂÃÂÃÂÃÂÃÂÃÂÃÂÃÂÃÂÃÂÃÂÃÂÃÂÃÂÃÂÃÂÃÂÃÂÃÂÃÂÃÂÃÂÃÂÃÂÃÂÃÂÃÂÃÂÃÂÃÂÃÂÃÂÃÂÃÂÃÂÃÂÃÂÃÂÃÂÃÂÃÂÃÂÃÂÃÂÃÂÃÂÃÂÃÂÃÂÃÂÃÂÃÂt get a word in edgewise,0
dog days,0
barf,0
dutch courage,0
airhead,0
fair to middling,0
armpit,0
clunker,0
chintzy,0
cushy,23
blimp,0
benched,0
bummer,0
paper-pusher,0
kook,0
just off the boat,0
klutz,36
mush,0
love handles,0
be a drag,0
plastered,0
smashed,0
easy mark,0
flaky / flakey,0
get with it,0
pure gravy,0
hang it up,0
hang loose,0
be head over heels in love with somebody,0
be hell-bent on something,0
high on the hog,0
icing on the cake,0
in high cotton,0
king of the hill,0
read the riot act,0
on the grapevine,0
find the pony,0
The fifth beatle,0
choom,0
salad days,0
zapped,0
eat humble pie,0
eat your heart out!,0
up for grabs,17
loose cannon,0
pakalolo,0
bag and baggage,0
alive and kicking,0
too little too late,0
above and beyond,0
have a monkey on one's back,0
a day late and a dollar short,0
because you touch yourself at night,0
bet the farm,0
chrome dome,38
if you pay peanuts you get monkeys,0
monkey business,0
tight-ass,0
chuck in,0
top banana,0
built like a brick shithouse,0
get along like a house on fire,0
by the grace of god,0
chump change,0
suck it up,0
dim bulb,0
dish about,0
dig up dirt on somebody,0
double-tongued,0
do one's damnedest,0
dog around,0
cold comfort,0
come to grips with,0
comfortably off,0
dead of night,0
cramp someone's style,0
crack a smile,0
crab mentality,0
cry into one's beer,0
days of yore,0
dead duck,0
cost a pretty penny,0
upper crust,0
fashionably late,0
neck and neck,37
fall on deaf ears,0
fall at the last hurdle,0
down for the count,0
duck out,0
behind the times,0
eat one's words,0
fair and square,0
duck test,37
early bath,0
dumbshit,0
enough to choke a horse,0
employ a steam engine to crack a nut,0
red herring,0
ivory tower,0
narrow squeak,0
golden handshake,21
dead wood,0
six feet under,0
settle for,0
time after time,0
odd jobs,0
clean sweep,0
easy game,0
lame duck,0
give someone the willies,0
keep troubles at bay,0
go against the grain,0
make mincemeat of one's enemies,0
tie the knot,0
jump through hoops,0
go all round the houses,0
take something in good part,0
gather dust,0
rise to the bait,0
cry for the moon,0
earn one's keep,0
get a raw deal,31
get the flak,0
turn somebody's head,0
pick somebody's brains,0
be in two minds,0
blow somebody's mind,0
speak one's mind,0
give somebody their head,0
keep a level head,0
have half a mind to do something,0
wear one's heart on one's sleeve,0
look a gift horse in the mouth,0
keep a stiff upper lip,0
sow one's wild oats,7
do someone a good turn,0
bring somebody to book,0
have the gift of the gab,0
live on borrowed time,0
give the sack,0
keep pace with somebody,0
steal somebody's thunder,0
cause celebre,0
red-letter day,0
come to a sorry pass,0
be on the dole,0
one swallow does not make a summer,0
gild the lily,0
wash dirty linen in public,0
feel the pinch,0
throw down the gauntlet,0
a lick and a promise,30
beard the lion in his den,0
carry the day,0
a flash in the pan,0
pour oil on troubled waters,36
tongue in cheek,0
windfall,0
keep the pot boiling,0
take down a peg,0
skid row,0
feel no pain,0
a pig in a poke,0
fill in the blank,13
final nail in the coffin,0
fill the bill,0
for good measure,0
for the heck of it,0
for fuck's sake,0
fly off the handle,0
fool away,0
fly low,0
for the nonce,0
forked tongue,0
tickle somebody's boat's fancy,0
float somebody's boat,0
flap one's gums,0
free-for-all,0
be frowned upon,0
from the get-go,0
fuck somebody over,0
fuck knows,0
fudge factor,0
fucked by the fickle finger of fate,26
from the department of the bleeding obvious,0
fish-eating grin,0
fire on all cylinders,34
full blast,0
full tilt,0
give one enough rope,0
funny bone,0
grunt work,0
grease monkey,0
golden hello,0
get in on the act,0
get the ball rolling,30
give somebody the slip,0
go belly-up,0
full-fledged,13
groovy,0
mite,0
deride,0
flush,0
how are you fixed for money?,0
bust,0
urchin,0
obtrusive,0
pronounce a sentence,0
gaga,0
draft card,0
muss,0
token,0
pimple,0
uptight,0
brass,0
ludicrous,0
licorice,0
treat,0
fill me up,0
spray-on trousers,0
rubble,0
flip,0
pull a stunt,0
I'm all yours,0
hang up on,0
soot,0
bash,0
butt in,6
nudge,0
brood,0
dissipate,0
demise,0
fervid,0
scant,0
rumination,0
musing,0
croaky,0
wont,0
tatters,0
footing,0
standoff,0
back down,0
blow open,0
incense,0
unstinting,0
outlast,0
covet,0
laudable,0
gay abandon,0
plague,0
specialty,0
balk at,0
wiggle room,0
wind up,0
dreary,0
earbud,0
descend,0
shiftiness,0
statute,0
flash,0
venal,25
mores,0
textbook,0
harass,0
shout down,0
contingency,0
vaunted,0
plaintiff,0
cape,0
defamation,18
tort,0
dissemination,0
puff,0
brasserie,30
incarcerate,36
murky,36
springy,0
suppuration,0
despicable,0
crank,0
stolid,0
pilothouse,0
chasten,0
outspoken,0
second,0
human microbiome,0
score,0
stowaway,0
make it,0
serve time,0
baser,0
step outside,0
dilate,0
fend,0
uphold,0
I'm all done,0
cap,0
in tow,0
how can you not know that?,26
setback,0
brig,0
finicky,0
howler,5
suture,0
riding shotgun,0
beacon,27
infirmary,0
have an agenda,36
cache,0
quarry,0
hightail it,0
pilfer,0
inbound,0
knack,0
go missing,0
eke out,0
hustle,0
spite,0
copy that,0
slab,0
portal,0
wrangle,0
get a line on,0
rim,0
scat,0
retainer,0
skirmish,0
talon,0
tip-off,0
influx,0
treasure trove,0
swoop,0
goose,0
fatality,0
jet-black,3
scavenge,0
bound to be,0
jangle,0
critter,0
jumble,0
perk,0
solid,0
inside man,0
hunch,0
grudge,0
tops,0
puke,0
whack,0
commute,0
tail,0
trade up,0
spitball,26
shed,0
bender,0
bang-up,0
incisor,0
contend,0
stand in stark contrast,0
thrift,38
fond madness,0
scum,0
ledger,0
bylaw,0
come in for,0
jibe,0
fallible,0
detractor,0
brick-and-mortar,0
deign,0
egalitarian,0
precept,0
serendipity,0
urinal,0
molder,0
midlist,0
exertion,0
entrails,0
grizzled,0
voracity,0
sluice,0
fad,0
doze off,0
svelte,2
dupe,0
habituÃÂÃÂÃÂÃÂÃÂÃÂÃÂÃÂÃÂÃÂÃÂÃÂÃÂÃÂÃÂÃÂÃÂÃÂÃÂÃÂÃÂÃÂÃÂÃÂÃÂÃÂÃÂÃÂÃÂÃÂÃÂÃÂÃÂÃÂÃÂÃÂÃÂÃÂÃÂÃÂÃÂÃÂÃÂÃÂÃÂÃÂÃÂÃÂÃÂÃÂÃÂÃÂÃÂÃÂÃÂÃÂÃÂÃÂÃÂÃÂÃÂÃÂÃÂÃÂÃÂÃÂÃÂÃÂÃÂÃÂÃÂÃÂÃÂÃÂÃÂÃÂÃÂÃÂÃÂÃÂÃÂÃÂÃÂÃÂÃÂÃÂÃÂÃÂÃÂÃÂÃÂÃÂÃÂÃÂÃÂÃÂÃÂÃÂÃÂÃÂÃÂÃÂÃÂÃÂÃÂÃÂÃÂÃÂÃÂÃÂÃÂÃÂÃÂÃÂÃÂÃÂÃÂÃÂÃÂÃÂÃÂÃÂÃÂÃÂÃÂÃÂÃÂÃÂÃÂÃÂÃÂÃÂÃÂÃÂÃÂÃÂÃÂÃÂÃÂÃÂÃÂÃÂÃÂÃÂÃÂÃÂÃÂÃÂÃÂÃÂÃÂÃÂÃÂÃÂÃÂÃÂÃÂÃÂÃÂÃÂÃÂÃÂÃÂÃÂÃÂÃÂÃÂÃÂÃÂÃÂÃÂÃÂÃÂÃÂÃÂÃÂÃÂÃÂÃÂÃÂÃÂÃÂÃÂÃÂÃÂÃÂÃÂÃÂÃÂÃÂÃÂÃÂÃÂÃÂÃÂÃÂÃÂÃÂÃÂÃÂÃÂÃÂÃÂÃÂÃÂÃÂÃÂÃÂÃÂÃÂÃÂÃÂÃÂÃÂÃÂÃÂÃÂÃÂÃÂÃÂÃÂÃÂÃÂÃÂÃÂÃÂÃÂÃÂÃÂÃÂÃÂÃÂÃÂÃÂÃÂÃÂÃÂÃÂÃÂÃÂÃÂÃÂÃÂÃÂÃÂÃÂÃÂÃÂÃÂÃÂÃÂÃÂÃÂÃÂÃÂÃÂ©,0
relinquish,0
it's about to get ugly,0
piss off,30
and make sure it got to you,0
tons,0
physical,0
all rolled in one,0
pop off,0
schist,0
put a date on the calendar,0
incinerator,0
in kind,0
outcrop,0
ground,0
redemption,0
ingratiate,0
scold,0
prize,0
blight,0
how's that for funny?,0
impertinent,0
insolence,0
face down,0
swat,0
be all for,13
smack,0
stay sharp,0
piggyback,0
check on,0
cue,0
loosen up,0
scrounge,0
tether,0
whir,0
jugular,0
cover for,0
reconcile,0
hitch,0
dome,0
defect,0
proffer,0
clavicle,9
surgical course,0
fan out,0
talking shop,0
rife,0
spoof,0
spittle,0
seizure,0
cuddly,0
wean,0
induce,0
stipulate,0
prehensile,0
flight,0
word came,0
spelunking,0
put on the back burner,0
vis-a-vis,0
kowtow,0
overhaul,0
fall short,0
vagary,38
place mat,0
rapture,0
hook up,0
crabby,0
shove off!,0
eerie,0
smother,0
booty,0
interface,0
spinoff,0
sleek,0
hullabaloo,0
cheery,33
gauntlet,0
deflate,10
pounce,0
substantial,0
frag,0
faux pas,0
quiver,0
pixie,0
proselytize,0
hearten,0
unfurl,0
shoddy,0
riddled with,0
regale,0
bouillabaisse,0
hamstring,0
marauder,0
succumb,0
yak,0
scathing,0
puffery,0
crash,0
effeminate,0
fluster,0
sycamore,23
concede,0
brittle,0
dregs,0
broadband,0
entourage,0
glee,0
sleaze,0
gloat,0
clammy,0
paisley,0
spurt,0
pander,0
showdown,0
tassel,0
gutsy,0
chump,0
fetters,0
peat,0
rickety,0
coatrack,0
snout,21
dapper,0
perch,0
maroon,0
peachy,0
soiree,0
contagion,0
lump,0
charade,0
stiff,0
handful,0
precarious,0
inane,0
implore,0
infatuation,10
fug,0
natter,0
wild blue,0
carnation,0
thwart,0
layover,22
shore up,0
browbeat,0
by a whisker,0
gnaw,0
slur,0
groom,12
cheesy,0
fathom,0
spiel,0
dissension,0
flip-flop,0
clench,0
compliance,10
pewter,0
flak,0
boxcar,0
countermand,0
defy,0
gantry,0
dismay,26
hives,0
portend,0
sequester,0
inoculate,0
lockstep,0
bicker,0
dredge,0
save the day,0
immolate,11
acrid,0
shamble,0
agitate,0
fizzle,0
force to be reckoned with,0
ruckus,0
rapprochement,0
trip,0
sideline,0
incur,0
rambunctious,0
clearance,21
comport,0
scintillate,34
refract,0
bequeath,25
vanguard,33
supplicant,0
drivel,0
reverie,0
hive of activity,0
plow,0
ghoul,0
tell off,0
outclass,0
lodge,0
prod,0
backfire,0
blare,0
lithe,0
strike up,0
towline,0
pit against,0
supple,0
haul,0
whiteout,0
graze,0
tad,0
forage,20
squat,0
vermin,0
dike,0
up to snuff,0
hooded eyes,0
redoubt,0
limbo,0
scamper,18
pecs,36
tootsie,0
lope,0
skimp,13
cad,0
hurdle,0
calve,0
slump,0
ruse,0
brat,0
unravel,0
cusp,0
wee,0
cleaver,0
small-time,0
swathe,0
huff,0
caked,0
flop,0
drawl,13
secede,0
flurry,0
spangle,14
mildew,0
grifter,0
edge,0
wary,0
convene,0
stairwell,0
sassy,0
grubby,0
scuff,0
fraternize,0
nook,17
upbeat,0
pelt,0
infuse,0
dystopian,0
clump,0
verve,0
expunge,0
complicity,0
tart,0
raze,0
partake,0
unwarranted,0
pursuant to,0
mop up,0
work-a-day,0
purloin,0
conspicuous,0
plunder,31
scuffle,0
scrape,0
mainspring,0
cross action,0
maul,0
irradiate,0
warrant,0
rattled,0
duckling,0
swacked,0
stitch up,0
sell,0
fuselage,0
vigilante,0
swig,0
liaise,0
bulkhead,0
haggard,0
flit,0
cross,0
thieving,0
work something off,0
spinster,0
have oneÃÂÃÂÃÂÃÂÃÂÃÂÃÂÃÂÃÂÃÂÃÂÃÂÃÂÃÂÃÂÃÂÃÂÃÂÃÂÃÂÃÂÃÂÃÂÃÂÃÂÃÂÃÂÃÂÃÂÃÂÃÂÃÂÃÂÃÂÃÂÃÂÃÂÃÂÃÂÃÂÃÂÃÂÃÂÃÂÃÂÃÂÃÂÃÂÃÂÃÂÃÂÃÂÃÂÃÂÃÂÃÂÃÂÃÂÃÂÃÂÃÂÃÂÃÂÃÂÃÂÃÂÃÂÃÂÃÂÃÂÃÂÃÂÃÂÃÂÃÂÃÂÃÂÃÂÃÂÃÂÃÂÃÂÃÂÃÂÃÂÃÂÃÂÃÂÃÂÃÂÃÂÃÂÃÂÃÂÃÂÃÂÃÂÃÂÃÂÃÂÃÂÃÂÃÂÃÂÃÂÃÂÃÂÃÂÃÂÃÂÃÂÃÂÃÂÃÂÃÂÃÂÃÂÃÂÃÂÃÂÃÂÃÂÃÂÃÂÃÂÃÂÃÂÃÂ¢ÃÂÃÂÃÂÃÂÃÂÃÂÃÂÃÂÃÂÃÂÃÂÃÂÃÂÃÂÃÂÃÂÃÂÃÂÃÂÃÂÃÂÃÂÃÂÃÂÃÂÃÂÃÂÃÂÃÂÃÂÃÂÃÂÃÂÃÂÃÂÃÂÃÂÃÂÃÂÃÂÃÂÃÂÃÂÃÂÃÂÃÂÃÂÃÂÃÂÃÂÃÂÃÂÃÂÃÂÃÂÃÂÃÂÃÂÃÂÃÂÃÂÃÂÃÂÃÂÃÂÃÂÃÂÃÂÃÂÃÂÃÂÃÂÃÂÃÂÃÂÃÂÃÂÃÂÃÂÃÂÃÂÃÂÃÂÃÂÃÂÃÂÃÂÃÂÃÂÃÂÃÂÃÂÃÂÃÂÃÂÃÂÃÂÃÂÃÂÃÂÃÂÃÂÃÂÃÂÃÂÃÂÃÂÃÂÃÂÃÂÃÂÃÂÃÂÃÂÃÂÃÂÃÂÃÂÃÂÃÂÃÂÃÂÃÂÃÂÃÂÃÂÃÂÃÂÃÂÃÂÃÂÃÂÃÂÃÂÃÂÃÂÃÂÃÂÃÂÃÂÃÂÃÂÃÂÃÂÃÂÃÂÃÂÃÂÃÂÃÂÃÂÃÂÃÂÃÂÃÂÃÂÃÂÃÂÃÂÃÂÃÂÃÂÃÂÃÂÃÂÃÂÃÂÃÂÃÂÃÂÃÂÃÂÃÂÃÂÃÂÃÂÃÂÃÂÃÂÃÂÃÂÃÂÃÂÃÂÃÂÃÂÃÂÃÂÃÂÃÂÃÂÃÂÃÂÃÂÃÂÃÂÃÂÃÂÃÂÃÂÃÂÃÂÃÂÃÂÃÂÃÂÃÂÃÂÃÂÃÂÃÂÃÂÃÂÃÂÃÂÃÂÃÂÃÂÃÂÃÂÃÂÃÂÃÂÃÂÃÂÃÂÃÂÃÂÃÂÃÂÃÂÃÂÃÂÃÂÃÂÃÂÃÂÃÂÃÂÃÂÃÂÃÂÃÂÃÂÃÂÃÂÃÂÃÂÃÂÃÂÃÂÃÂÃÂÃÂÃÂÃÂs heart set on,0
jaw,0
fall to,0
render,0
feat,0
leverage,0
enforcer,0
extort,0
take on,0
heed,0
hole up,0
ravishing,0
sated,0
emancipate,0
set up,0
tram,0
decoy,0
clip,0
scourge,0
I'll give you that,0
underbelly,0
droll,0
squeeze,0
iridescent,35
gun for,0
blush,0
nefarious,0
lint,0
commissioner,0
fuzzy,0
bogus,0
covertly,0
topside,0
uppity,0
penthouse,0
rack up,0
rescind,0
mince words,7
scumbag,0
staple,0
weevil,0
churn,0
roll call,0
thrall,0
grind out,0
pooch,0
artisan,0
graft,0
take up with,0
take a leak,0
make good on,0
be crawling with,0
outlying,0
pageant,0
tally,0
hose,0
tune out,6
crane,0
play close to the chest,0
have a big hand for,0
taxing,0
reflect on,0
rappel,0
lavish,0
outset,0
glutes,0
swoon,0
fixture,0
coo,0
preppie,0
hook,0
crinkle,0
gam,0
in the flesh,0
mashup,0
bloodbath,0
sport,0
file,0
backlash,0
assiduous,0
taper,15
underdog,0
searing,0
pancake,0
whiff,9
sculpt,0
netizan,0
carp,0
stock-in-trade,25
star-crossed,0
stardom,0
prom,0
hoodie,0
cutaway,0
take a hand in,0
lace something up,0
makeshift,0
on high,0
mousse,0
hard-edged,0
mind-boggling,0
follow-up,0
willowy,0
catch somebody out,0
ensue,0
joust,0
cut-throat,0
spout,0
excite,0
shrink,0
bid,0
bull's-eye,0
horn in,0
blow off,0
bar none,0
keep (close) tabs on,0
throng,0
upheaval,0
wing it,0
ploy,0
gorge,0
airtight,0
seethe,0
chaperon,0
blast,0
harbor,0
for one thing,0
cobble together,0
sleazy,0
quest for,0
etch,0
deadbeat,0
entice,0
techie,0
attendee,0
dope,0
starch,0
shake up,35
fledgling,0
bridgehead,0
quandary,0
stroke of luck,0
hotshot,0
conundrum,0
warhorse,34
eclipse,2
upside,0
watershed,0
bestride,0
mushroom,0
sojourn,0
hotcake,32
trump,0
gauge,0
divisive,0
lay something to waste,0
horse around,0
fuss over,13
consternation,0
repercussion,0
golly,0
pivotal,0
wail,35
airborne,0
jolt,0
impound,0
minder,0
jaundice,0
imponderable,0
hassle,0
give a blast,0
chock-a-block,0
pep pill,0
have a fit,0
sap,0
get/have on the hump,0
be tied up,0
brush aside,0
catch up on,0
churn out,0
slip-up,0
deflect,0
kraut,0
going-over,0
stooge,0
poached eggs,0
cutoff,0
trunk call,0
shroud,0
blip,0
budge,0
rundown,0
blast it!,0
transponder,0
hopping mad,0
home in on,14
clobber,35
over and out,0
jam,0
barrel,0
frame,0
impart,0
shoot off,0
give a hoot,0
ident,0
peon,0
twit,0
charge,0
scrap,0
scrapper,0
aide-de-camp,0
truce,0
lull,0
chevron,0
rally,0
indulge,0
commoner,0
rout,0
in droves,0
grovel,0
hail from,0
quell,0
hold down,0
scout,0
on top of,0
summon,0
sniff out,0
sack,0
pledge,0
buy off someone,22
standard,0
upstart,0
dirtbag,0
staging post,2
heathen,0
taint,0
get a grip on,0
whinny,0
sod,0
colt,0
in a bad way,0
bugger off,21
mare,0
stallion,0
thoroughbred,0
foal,0
filly,0
chamber,0
dish out,0
see off,0
squeamish,0
let alone,0
bottle out,0
barmy,0
fettle,0
sour,0
chuffed,0
selfsame,0
not a patch on,0
muck about,0
jumpy,0
shy,0
shoo,0
prat,26
pennant,0
dollop,0
splint,0
sprout,0
strapping,0
strictly,0
toll,0
bivouac,0
canter,22
rue,0
scruple,0
whimper,0
stirrup,0
stamina,0
buck,0
git,0
round up,0
galley,0
chomp,0
bring someone around,0
blitz,0
seek,0
quail,0
bow,0
rudder,0
club together,0
tender,0
stow,0
gash,0
harrowing,0
tugboat,0
derriÃÂÃÂÃÂÃÂÃÂÃÂÃÂÃÂÃÂÃÂÃÂÃÂÃÂÃÂÃÂÃÂÃÂÃÂÃÂÃÂÃÂÃÂÃÂÃÂÃÂÃÂÃÂÃÂÃÂÃÂÃÂÃÂÃÂÃÂÃÂÃÂÃÂÃÂÃÂÃÂÃÂÃÂÃÂÃÂÃÂÃÂÃÂÃÂÃÂÃÂÃÂÃÂÃÂÃÂÃÂÃÂÃÂÃÂÃÂÃÂÃÂÃÂÃÂÃÂÃÂÃÂÃÂÃÂÃÂÃÂÃÂÃÂÃÂÃÂÃÂÃÂÃÂÃÂÃÂÃÂÃÂÃÂÃÂÃÂÃÂÃÂÃÂÃÂÃÂÃÂÃÂÃÂÃÂÃÂÃÂÃÂÃÂÃÂÃÂÃÂÃÂÃÂÃÂÃÂÃÂÃÂÃÂÃÂÃÂÃÂÃÂÃÂÃÂÃÂÃÂÃÂÃÂÃÂÃÂÃÂÃÂÃÂÃÂÃÂÃÂÃÂÃÂÃÂÃÂÃÂÃÂÃÂÃÂÃÂÃÂÃÂÃÂÃÂÃÂÃÂÃÂÃÂÃÂÃÂÃÂÃÂÃÂÃÂÃÂÃÂÃÂÃÂÃÂÃÂÃÂÃÂÃÂÃÂÃÂÃÂÃÂÃÂÃÂÃÂÃÂÃÂÃÂÃÂÃÂÃÂÃÂÃÂÃÂÃÂÃÂÃÂÃÂÃÂÃÂÃÂÃÂÃÂÃÂÃÂÃÂÃÂÃÂÃÂÃÂÃÂÃÂÃÂÃÂÃÂÃÂÃÂÃÂÃÂÃÂÃÂÃÂÃÂÃÂÃÂÃÂÃÂÃÂÃÂÃÂÃÂÃÂÃÂÃÂÃÂÃÂÃÂÃÂÃÂÃÂÃÂÃÂÃÂÃÂÃÂÃÂÃÂÃÂÃÂÃÂÃÂÃÂÃÂÃÂÃÂÃÂÃÂÃÂÃÂÃÂÃÂÃÂÃÂÃÂÃÂÃÂÃÂÃÂÃÂÃÂÃÂÃÂÃÂÃÂÃÂÃÂÃÂ¨re,0
astern,0
strut,0
bailiff,0
on the same page,0
keep someone at bay,0
luscious,0
fruit,0
rearguard,0
gush,0
beaker,0
yokel,0
singular,0
accoutrements,0
run the gauntlet,0
get wind of,0
slander,0
stance,0
blow over,0
draw on,0
chastise,0
pommel,0
glum,0
woe,0
valet,0
rampage,0
plunge,0
trinket,0
strychnine,0
procure,0
wanton,0
writhe,0
smirk,0
high,0
genie,0
pissed,0
pissed off,0
demarcation,0
touchÃÂÃÂÃÂÃÂÃÂÃÂÃÂÃÂÃÂÃÂÃÂÃÂÃÂÃÂÃÂÃÂÃÂÃÂÃÂÃÂÃÂÃÂÃÂÃÂÃÂÃÂÃÂÃÂÃÂÃÂÃÂÃÂÃÂÃÂÃÂÃÂÃÂÃÂÃÂÃÂÃÂÃÂÃÂÃÂÃÂÃÂÃÂÃÂÃÂÃÂÃÂÃÂÃÂÃÂÃÂÃÂÃÂÃÂÃÂÃÂÃÂÃÂÃÂÃÂÃÂÃÂÃÂÃÂÃÂÃÂÃÂÃÂÃÂÃÂÃÂÃÂÃÂÃÂÃÂÃÂÃÂÃÂÃÂÃÂÃÂÃÂÃÂÃÂÃÂÃÂÃÂÃÂÃÂÃÂÃÂÃÂÃÂÃÂÃÂÃÂÃÂÃÂÃÂÃÂÃÂÃÂÃÂÃÂÃÂÃÂÃÂÃÂÃÂÃÂÃÂÃÂÃÂÃÂÃÂÃÂÃÂÃÂÃÂÃÂÃÂÃÂÃÂÃÂÃÂÃÂÃÂÃÂÃÂÃÂÃÂÃÂÃÂÃÂÃÂÃÂÃÂÃÂÃÂÃÂÃÂÃÂÃÂÃÂÃÂÃÂÃÂÃÂÃÂÃÂÃÂÃÂÃÂÃÂÃÂÃÂÃÂÃÂÃÂÃÂÃÂÃÂÃÂÃÂÃÂÃÂÃÂÃÂÃÂÃÂÃÂÃÂÃÂÃÂÃÂÃÂÃÂÃÂÃÂÃÂÃÂÃÂÃÂÃÂÃÂÃÂÃÂÃÂÃÂÃÂÃÂÃÂÃÂÃÂÃÂÃÂÃÂÃÂÃÂÃÂÃÂÃÂÃÂÃÂÃÂÃÂÃÂÃÂÃÂÃÂÃÂÃÂÃÂÃÂÃÂÃÂÃÂÃÂÃÂÃÂÃÂÃÂÃÂÃÂÃÂÃÂÃÂÃÂÃÂÃÂÃÂÃÂÃÂÃÂÃÂÃÂÃÂÃÂÃÂÃÂÃÂÃÂÃÂÃÂÃÂÃÂÃÂÃÂÃÂÃÂÃÂÃÂ©,0
blinker,0
spaz,0
bleachers,0
par usual,0
book,0
goober,0
stick around,0
round-heels,0
loaner,0
GPA,0
outhouse,0
gimmick,0
remand,0
forcible entry,0
ironclad,0
sprinkle,0
walk out,0
wipe out,0
poise,0
push someone's luck,9
spillway,0
junket,0
marshal,0
stat,0
rugged,0
hinky,0
tongue-tied,0
sprain,0
make oneself scarce,0
stilt,0
stately,0
charter,30
come around,7
wobble,0
caddy,0
parlor,0
blowhard,0
put someone through school,0
loophole,0
condo,27
punchy,31
overpass,0
give someone notice,0
nutcase,0
high-minded,24
indict,0
last,0
do time,0
snitch,0
stocky,0
felony,0
fed,0
run-in,0
accident-prone,0
pad,0
whacked,0
inducement,0
APB,27
waive,0
stop off,0
beaut,0
for the record,0
setup,0
subpoena,0
whip up,0
yank,0
head off,0
figure,0
jungle gym,0
fanny,0
uncanny,0
flophouse,0
cramp,0
tug,0
upstanding,0
coil,0
zone out,0
puppy,0
shot,0
thrush,0
treble,0
fail-safe,0
baloney,0
ding-a-ling,0
scour,0
trail,0
dues,8
level,0
banana split,0
perfect pitch,0
clapped-out,0
quad,0
proviso,0
vagrant,0
totes,0
notch,0
gat,0
slat,0
strum,0
forward-thinking,0
the grapevine,0
nab,0
yikes,0
tacky,0
close-knit,0
full-on,11
chart-topper,0
rustle up,0
defuse,0
zap,0
drop,0
panhandle,0
re,0
posse,0
concussion,0
right cross,0
southpaw,0
deputy,0
stem cell,0
draft,0
macula,0
venture a guess,3
wrath,0
tensile,0
opt out,0
harness,26
luge,0
lie low,0
preempt,0
big-time,0
unitard,0
leotard,0
pellet,0
snoop,0
assailant,4
pukey,0
tardy,37
rap,0
dumpy,0
jobbing,0
set in,0
infest,0
forward,0
buster,0
overly,0
smitten,0
phase out,0
outing,0
crawlspace,0
disdain,0
knock it off,0
slink,0
ripe,0
tallow,0
potentate,0
coop,0
goof,14
tackle,0
thud,11
butterball,0
bassoon,0
that's a wrap,0
inclement,0
parched,0
shabby,0
muster,0
bimbo,0
jellybean,0
loaded,0
on the double,0
snappy,0
leery,0
fall in,0
commendable,0
bedroll,0
tomboy,0
mayhem,0
racket,0
stage fright,0
skittish,0
sting,0
esprit de corps,0
snot,0
boardwalk,0
bandstand,0
advert,0
slum,24
off-limits,0
rev up,0
snuggle,0
butter up,0
chum,0
hem,0
phooey,0
gofer,0
rushes,0
picket line,0
drop by,0
slave driver,0
crank up,0
edge over,0
bushwhack,0
cuss,24
holler,0
close,0
cost dear,0
tote,0
nubbin,0
shoat,0
get into someone's head,0
scald,35
light-fingered,0
fall to doing,0
slight,0
stump,0
blackguard,26
dally,0
piecework,0
lap,0
niggle,0
cowlick,0
halfwit,0
saucy,0
wallow,0
hobble,0
stud,0
cohort,0
flay,0
fitting,0
marauding,0
dunk,0
clamber,6
antedate,0
parley,0
expectorant,0
pawn,0
bow out,0
propel,0
fluke,0
regulars,0
sleuth,0
gig,0
lezzie,0
meathead,0
thatch,4
barge,0
hold it together,0
tap,0
doll up,22
head out,0
comp,0
shrug,0
visceral,0
spruce up,0
rash,0
hoopla,0
swill,0
front,0
draw straws,0
arraign,0
bubbly,0
see (something) through,0
prowess,0
squaw,0
progeny,0
exploit,0
dashing,0
stunt man,0
cacophonous,0
compendium,0
contention,0
disjointed,0
diverge,0
fervour,0
fawning,0
frugality,0
impermeable,0
incorporate,0
incongruity,0
implode,0
inadvertently,0
insularity,0
malinger,0
negate,0
permeable,0
piety,0
porous,23
rarefied,0
resolve,0
saturate,0
secrete,0
stint,0
subside,0
transgression,0
welter,0
precociousness,0
personable,0
pliant,0
lacerate,0
unscrupulous,0
unprecedented,0
carnal,0
unequivocal,0
pretext,0
extemporize,0
mercenary,0
protract,0
incriminate,0
categorical,0
laity,0
pensive,0
attest,0
recrimination,0
contrition,33
commiserate,0
chrysalis,0
chimera,9
stricture,0
insouciant,0
objurgation,0
effusive,0
obeisance,0
myrmidon,0
nonage,0
prognosticate,4
parvenu,0
nepotism,0
emolument,0
emendation,0
suppurate,0
expatiate,0
offal,0
blandishment,0
disquisition,0
indefeasible,0
recrudescence,0
defenestrate,0
adventitious,0
comity,0
expiation,0
saturnalia,0
traduce,0
cachinnate,0
flagitious,0
badinage,0
farrago,0
aleatory,0
troglodyte,0
lucubration,0
risible,0
hieratic,0
lionize,0
hebetude,3
rodomontade,0
apodictic,0
deipnosophist,0
frangible,28
iatrogenic,0
divagate,28
tergiversation,0
hebdomadal,0
scarify,0
hispid,0
faineant,0
sciolist,0
longanimity,0
factitious,0
triturate,0
susurrus,0
fuliginous,0
epicene,0
crepitate,0
heliolatry,0
hortatory,0
pettifogger,0
noctivagant,0
glabrous,13
sciamachy,0
cut back on,0
gruesome,0
dissect,0
loner,0
rigor mortis,0
digress,6
scam,0
reflective,0
manslaughter,0
speak to the brick wall,5
dank,0
dull,0
uneasy,0
bang on,0
speed up,0
slow up,0
eel,36
moan,0
distinctive,0
set aside,0
put something off,18
hand something out,0
put yourself out,0
be put out,0
turn something over,0
be up to somebody,0
unbutton / unzip / untie,0
button up / zip up / tie up,0
undoing,24
grown-ups,0
play something down,0
pull down,0
pull up,0
pull something off,0
hold onto somebody or something,0
attend to somebody,0
call to account,0
take water,0
on no account,10
pop in,0
take root,0
take it on the chin,0
take for,0
take account of,0
live in,0
take five,0
take exception,0
take it or leave it,0
take stock in,0
take up for,0
break the bank,32
break ground,0
make a clean breast of,0
make book,0
make away with,21
make a go of something,0
single out somebody,0
break cover,0
break neck,0
make bold,0
break bread,0
break through something,0
break camp,0
make tracks,0
make good,0
run off at the mouth,6
run a temperature/fever,0
run short of,0
deal something out,28
breakdown,0
run away with,0
a run for money,0
run on,0
in the short run,0
run in place,0
run along,0
run across,0
run after,15
turn tail,0
at every turn,0
pass off,0
drag somebody into something,0
pass over,0
turn the scales,0
in turn,20
turn back on,0
brush someone off,0
get cracking,0
talk sense,0
talk back,0
act on something,15
piss somebody off,0
stem from something,0
fish for something,0
touch down,14
die away,0
link up,0
cry out for something,0
embark on something,0
bottle up,0
fob somebody off,0
going around with,0
bring somebody round,34
right over,0
pull through,0
bend over backwards,0
breeze,0
bail out,0
backbone,0
in a jam,33
dough,0
off and on,0
make a bundle,0
schmooze,0
kick the bucket,0
bland,0
suave,0
compliant,0
implacable,0
impervious,0
entreaty,0
pejorative,0
ostensible,0
rascal,0
languish,0
yearn,0
coniferous,0
timber,0
blotch,14
inflammation,0
sanctify,0
undue,0
transcendent seduction,0
debunk,0
consequent,0
agoraphobia,0
acrophobia,0
reprehensible,0
prudence,0
castigate,0
ardent,0
bereft,0
peevish,0
ashtray,0
regalia,0
metaphysical intoxication,0
poke,0
confer,0
wry,0
odious,0
theodicy,0
hay fever,21
emissary,0
entail,0
clandestine,0
edgewise,38
depravity,0
baseness,0
guile,0
obsequiousness,0
wedlock,0
squirm,0
equivocal,0
placable,0
polyamorous,0
rhinestone,0
non sequitur,38
mucilaginous,0
viand,0
obliterate,0
wifty,0
bombinate,0
belaud,0
jalousie,0
lollygag,0
inveterate,0
extenuate,0
coax,0
counterculture,0
sleight of hand,0
sleight,0
yonder,0
corduroy,0
fissure,0
stencil,0
slather,0
taut,0
gawky,0
crease,0
freight,0
woeful,0
barefaced,0
knoll,0
bustle,0
apron,0
zing,0
stampede,0
stammer,0
tank,0
shebang,0
in-between,0
irreparable,0
filament,0
foster,0
tug-of-war,0
tribulation,0
tentative,17
outrageous,0
slouch,0
pronounced,0
instill,0
stern,0
stifle,0
intermingle,0
unrelenting,34
swivel,0
fiddle,0
rake,0
careen,0
nautical,0
misshapen,0
banister,0
turd,0
scythe,0
blemish,0
scope,0
falter,0
off-key,0
cock,0
plaque,31
hew,27
plod,0
smolder,0
tangy,0
next-to-perfect,0
impassable,0
froth,0
mangy,0
mange,0
wheedle,0
pinwheel,0
sludge,17
fester,0
seesaw,0
delirious,0
enact,0
deadpan,0
pit,0
sameness,5
pitter-patter,0
commotion,0
clomp,20
dinky,0
hotbed,0
croon,0
scoop,0
bile,0
dart,0
hedge,0
buzzard,0
forlorn,0
gnarl,0
shimmer,0
gag,26
astringent,0
grit,0
teeter,0
scoot,6
warbling,0
deface,0
scrupulous,0
waggle,0
sullen,0
plywood,0
chunk,0
swelter,0
bumpkin,0
rustic,0
slicker,0
pang,0
stale,0
fumble,0
groggy,0
ooze,0
suction,0
flail,0
grope,0
slurp,0
flounder,0
earlobe,0
sizzle,0
peter,0
dingy,0
cautionary,10
stutter,0
scurry,0
wispy,0
chug,0
onward,0
burr,0
nondescript,0
flimsy,0
beeline,0
snuff,0
plops,0
hulking,0
whirr,0
translucent,0
extricate,0
fraction,32
twinge,0
muffle,0
detachment,0
catatonic,0
jettison,0
lifer,0
lush,0
grime,0
composed,0
tantrum,0
mar,0
apologetic,32
shitter,0
payroll,0
peddler,0
lapse,0
gruff,0
charm,0
nub / knub,0
tract,0
litter,0
spindly,0
sheath,0
sophomore,0
freshman,0
reprieve,0
tinge,0
stagger,15
prickle,0
pivot,0
flicker,0
cleave,0
chafe,0
molten,0
pinprick,0
slack-jawed,0
swerve,0
tuft,4
dismantle,0
throttle,0
contrive,0
engross,0
petticoat,0
conceit,0
loo,0
drawing-room,0
paltry,0
solace,0
efficacy,0
reproof,0
disarm,0
expostulation,0
approbation,0
premeditate,0
affront,0
archness,27
felicity,0
lest,0
vouch,0
propitious,0
threadbare,0
iniquitous,0
filial,25
overture,27
hereafter,0
atonement,0
destitute,0
distinguished,0
flint,35
befit,0
ingenuous,0
plexus,0
brute,0
wallowing in self-pity,0
flap,28
gum,0
chuck,0
lumber,0
dressed,0
beam,0
uppermost,34
dissent,0
sectarian,0
reel,0
totter,0
headlong,0
contortion,0
devolve,0
noisome,0
foible,0
impinge,0
encroach,0
stake,0
dent,0
outfox,0
anguish,0
articulate,0
astride,21
puny,0
tipsy,0
askew,0
fuddle,0
gild,0
palliative,0
rattle,0
swack,0
idiosyncrasy,0
pubescent,0
rack,0
ravish,0
sate,0
tinker,0
requisite,0
constipation,0
costive,0
bindlestiff,0
hornswoggle,0
sacerdotal,0
accentuate,0
fete,0
antithetical,0
debilitate,0
hortative,0
aspiration,0
frivolity,0
deluge,0
ingenuity,0
thaw,0
luminary,0
snazzy,0
pat down,0
pat,0
saturation,0
chromatic,0
scoundrel,0
misogynistic,0
profane,0
yodel,0
faff,0
belay,17
bugger,0
hinge,0
picky,0
pinch,0
harrow,0
muck,0
obtrude,0
stultify,0
discreet,0
like a lamb to the slaughter,30
mold,0
prudent,0
botch,0
bungle,0
jollity,0
tattle,11
backside,0
hindsight,0
fair-minded,0
prone,0
prostrate,0
stall,0
yore,0
mull,0
vaunt,0
flip the bird,0
dutch bargain,0
dutch feast,0
dutch treat,0
double dutch,6
rustle,0
miscreant,0
freighthopping,0
wisp,0
appease,0
sag,0
affable,0
about time,0
in time / on time,0
movie timing,0
deference,0
"this, that and the third",0
bowels,0
I'm spoken for,0
serene,0
tier,0
bum,0
commando,28
crook,0
badger,0
folly,0
commission,0
voluptuous,0
ostentatious,0
prolific,0
curtsy,10
sideways,0
blather,0
whist,0
amply,0
redress,0
profess,0
perforce,0
surmount,0
fret,0
simpleton,0
taciturn,0
eclat,0
posterity,0
hauteur,0
upbraiding,0
solicitude,0
nonsensical,0
injunction,0
incessant,0
manifold,0
coquetry,0
steadfastly,0
uproar,0
gaiety,17
peculiar,0
dusky,0
hasten,36
likewise,0
courtship,0
expedient,0
concurrence,0
sparge,0
courtier,0
retort,0
subsist,28
rectitude,30
fortnight,0
repine,0
incredulous,0
design,23
candour,0
ablution,0
abode,0
chaise,0
high-grade,0
retaliate,0
thither,0
penance,0
conjecture,0
exasperate,0
recital,0
infliction,0
impel,0
abhorrence,0
decease,0
incumbent,0
ordain,32
secrecy,0
connivance,0
elopement,0
peruse,0
profligacy,0
diminution,0
giddiness,0
imprudence,0
irksome,0
con,0
larder,0
hard on,0
well hung,0
blurred lines,0
exuberant,0
naught,0
clamorous,0
indebted,0
conjugal,0
serenity,5
acquiesce,19
flutter,0
lofty,0
sedateness,0
glen,0
coppice,0
unbecoming,28
vindication,0
pecuniary,0
discontinuance,0
whitethorn,0
adorn,0
contract,0
unassuming,0
environs,2
encumbrance,0
livery,0
disquiet,0
repugnant,0
petulant,0
acrimony,0
peculiarity,0
brevity,0
countenance,0
belch,0
susceptible,0
dilatory,0
whence,0
fretful,0
thence,0
farthing,0
steady,4
exuberance,3
rotgut,0
spiteful/despiteful,0
connubial,0
subjoin,0
anew,0
formidable,0
intercourse,0
heinous,0
suds,0
repose,0
frailty,0
endeavour,19
confidant/confidante,0
copse,0
comprise,0
supplication,0
palatable,0
prodigious,0
ineffectual,0
officious,0
hearth,0
hermitage,0
nay,0
incessantly,0
constancy,0
nuptial,0
outstrip,0
heartfelt,0
devoid,0
rein,0
assent,0
palpitate,32
apace,0
fortitude,0
gaudy,0
environ,0
toothsome,0
elicit,0
retiring,0
clamour,0
outcry,0
lay,0
lie,0
rebar,0
bedroom eyes,0
bevel,0
residence permit,0
scrying,0
muzzle,0
Ginger,0
fence,0
wheelbarrow,0
plait,7
tadpole,0
lifebuoy,0
buoy,0
tweezers,0
beet,0
burrow,0
forgo,0
spoke,0
grater,0
cauldron,0
pickaxe,0
gazebo,0
nut,0
brook,0
sled,0
ice floe,0
embroidery,5
hoof,0
apt,12
penultimate,0
strainer,0
crayfish,36
gill,0
eggplant,3
aerial,0
acorn,23
knickers,0
tress,19
trunk,0
garland,0
antler,0
zucchini,0
curb,0
duvet,0
jetty,0
yarn,18
moniker,0
dysphoria,0
begrudge,0
ellipsis,7
subpar,0
pet flap,0
pick at,0
pig out,0
polish off,0
dig in,0
chick flick,0
peephole,0
delectable,0
ruddy,0
premonition,0
embryonic,0
embellishment,0
rootlet,10
limpid,0
askance,7
gauze,0
vignette,0
enlivenen,0
rufous,0
impalpable,0
intercalary,0
fop,0
swarthy,0
rumpberry,0
wavelet,0
plash,8
jaunty,0
inchworm,0
icky,0
blatant,0
hectic,0
hornet,37
steerage,11
hemp,0
run with scissors,0
burqa,0
noony,0
Thames,0
Nile,0
Tiber,0
Rhine,0
Ganges,0
Danube,0
Indus,0
Dnieper,0
Vistula,0
Arabian Sea,37
Banda Sea,0
Aegean Sea,0
Java Sea,0
Chang Jiang,0
casserole,0
colander,0
cooker,0
cutlery,0
percolator,0
sieve,8
ramekin,0
crockpot,0
mortar and pestle,0
cookie sheet,31
Dane,0
Malay,0
Panamanian,0
Mauritius,0
Cypriot,0
Montenegro,0
bay window,0
belfry,0
caryatid,0
conch,0
frieze,0
lancet window,0
volute,0
fanlight,0
balconet,0
casement window,0
vote of no confidence,0
absentee,0
sitting,0
equestrianism,0
hang gliding,0
bisector,0
derivative,0
dividend,0
minuend,0
monomial,0
multiplicand,0
addend,0
proper fraction,0
improper fraction,0
isosceles triangle,0
long division,0
vulgar fraction,0
domain of a function,0
deranged,0
scenic,0
curio,0
escritoire,0
hassock,0
hutch,0
sconce,0
settee,0
nightstand,0
armoire,0
futon,0
truckle bed,0
masseur,21
notary,0
dainty,38
outerwear,0
pantyhose,0
commencement,0
fall away in the face of death,0
put up for adoption,0
prawn,0
in lieu of,0
arctic fox,0
gopher,0
jerboa,0
marmot,0
mink,10
muskrat,0
monitor lizard,0
numbat,0
cartilage,0
cornea,0
loin,0
sideburn,0
small intestine,0
large intestine,0
chamomile tea,0
heiress,0
natal,0
pigeon pair,0
newlyweds,0
sheepish,0
vindictive,0
garble,0
turn of events,0
kick off,3
keep at,0
endow with,0
caregiver,0
peeckling,0
itsy-bitsy,0
bromance,0
furlough,0
borough,0
trough,0
slew,0
slough,17
alder,0
lore,0
yule-tide,0
sling,0
feint,0
locust,0
tarry,0
mattock,0
hauberk,0
clad,0
caper,0
afoot,0
carrion,0
finch,0
starling,0
throe,0
scaly,0
steeple,0
pallid,0
aloft,0
smithereens,0
shaft,0
foreboding,29
tenfold,0
scoff,0
wily,31
grocer,0
dire,0
slumber,0
shut-in,0
moodily,0
mishap,0
lintel,0
crevice,0
pamper,0
thronge,0
vagabond,0
solemnity,12
gammer,33
waterlog,0
madden,0
tarnish,26
promontory,0
upkeep,0
snivel,0
aground,0
jut,0
shingle,0
oxen,0
kine,0
pasture,0
turnkey,0
sleeping-draught,0
slowcoach,0
flagon,6
portcullis,0
errand,0
surly,11
tomnoddy,0
attercop,0
quoits,0
watercourse,0
loathsome,0
plight,0
straggle,0
stronghold,0
tippet,0
trestle,0
oar,12
rafter,0
southward,0
yew,0
eyrie,0
smite,0
benight,0
bracken,0
buff,0
dell,0
drat,0
fern,0
glade,0
marjoram,0
onslaught,0
thyme,0
bough,0
gurgle,0
webby,0
confusticate,0
gnash,0
trailblaze,0
pulley,0
weathervane,0
blest,10
balderdash,0
impregnable,0
tipple,0
poignant,0
crustaceans,0
shoal,0
hoard,0
abreast,0
roving,0
gulley,0
ford,0
booby,0
cavalcade,0
outlandish,23
uptake,0
weasel,0
singe,0
waylay,0
pest,0
dale,0
ere,0
sprig,0
peal,0
primeval,0
mesmerize,0
grub,0
rump,0
doofus,0
subjunctive,0
barbell,0
dumbbell,0
treadmill,0
sentient,0
spleen,0
interoception,0
startle,0
flummox,0
depredation,29
cavort,0
snuck,0
jiggery-pokery,22
downtrod,0
denture,18
audit,0
irs,0
heterogeneous,0
colorectal,32
estuary,0
inflection,0
funk,35
infraction,0
panopticon,0
chirp,0
bib,0
trope,7
mulch,0
coulee,0
snorkel,0
larceny,0
ostracize,0
celly,0
breadline,0
cavalry,0
coverall,0
decimate,0
boor,10
quaint,0
recombobulate,0
timeless,0
abridge,0
elk,0
moray,0
invertebrate,0
sinew,0
pastiche,0
hapless,0
edifice,0
interim,0
amenity,0
flue,0
minstrel,38
nozzle,0
brownie,0
sole,0
outlet,0
drywall,8
pinnacle,0
tenure,0
brunt,0
congregation,0
garter,0
dowry,0
let's fix a meeting / a date,0
Let's fix the exact time and place,0
nice to have met you,0
aglow,0
expulsion,0
flowerbed,0
goggle,0
rev,0
ungodly,0
faultfinder,0
sanctity,2
undulate,0
munch,24
cougar,0
boarding house,34
boarder,0
famish,0
mugwump,0
absquatulate,38
butle,0
brunch,0
electrocute,0
awfulize,0
enunciate,0
gypsum,0
vista,12
broil,0
saute,29
bittersweet,0
flair,0
disciple,0
harpsichord,0
pipette,0
feline,0
ligament,0
plantlet,0
scaffold,0
ensemble,0
synthesizer,0
backing track,0
knockoff,0
chieftain,26
steed,0
traitorous,0
bugle,4
exultant,0
fowl,0
herald,0
treacherous,0
embroider,31
sentinel,0
suffuse,0
ravine,0
scabbard,0
infidel,34
levanter,0
ramp,0
census,0
skeet,0
sledge,0
remediate,0
wrangler,0
holistic,0
bemuse,0
instep,0
sheen,0
tar,0
lout,0
wedge,0
glint,0
fumarole,0
exhilarate,0
romp,0
strait-waistcoat,0
feign,0
jiffy,0
quicken,0
knocker,0
money talks,0
live in clover,0
in the dead of night,24
not in vain,7
in a vain,20
loiter,0
parlour,12
sepulchre,0
cesspool,0
slipshod,0
hideous,0
hark,0
snug,0
behindhand,0
homeward,0
abed,0
adamant,29
penitent,0
heresy,0
rampant,0
bigot,0
filbert,0
grove,38
porter,0
uproarious,0
pinion,0
dower,0
fraught,0
reproach,0
aye,0
even-handed,0
meagre,0
decant,0
poplar,0
spacious,0
jocund,0
conducive,0
willful,0
recumbent,0
preposterous,0
ferret,0
flowery,0
apparition,0
humbug,0
garret,0
bloodthirsty,0
tremulous,0
furnish,0
homage,0
veneration,9
bouncer,0
ebb,0
martyrdom,0
chink,0
palpable,0
smear,21
withal,0
gladsome,0
wiry,0
rime,0
gait,0
legatee,0
irrevocable,0
nigh,0
interpose,0
sermon,0
tutelage,0
solicit,0
apprise,0
insuperable,0
repent,0
allure,0
lorgnette,0
festal,0
betake,0
garb,0
celibacy,0
inexcusable,0
evensong,0
salver,0
hereditary,0
tamper,0
indecorous,0
pulpit,22
relapse,0
propound,0
dastard,0
fleur-de-lys,0
conduce,0
lax,0
sake,0
fruitful,0
drupelet,0
frowzy,0
snipper,28
smock,0
obscene,0
sobriquet,33
daub,0
loam,0
dropcloth,0
rumple,0
striple,0
tenant,0
gibbet,0
soever,0
improbable,0
venison,0
collateral,0
hitherto,0
miscarry,0
raiment,0
dam,0
deplorable,0
sustenance,0
stroll,0
alms,0
inquest,0
paddock,0
eave,0
landau,0
gaiters,0
frock coat,0
reed,0
jury box,0
frontispiece,0
stoop,0
boon,0
sluggard,0
porpoise,0
conger eel,35
oblong,0
bur,0
demeanor,0
desensitize,27
genteel,0
frock,0
muchness,0
by the bye,0
abide,0
fire irons,0
footman,0
astray,0
scrap yard,0
housewarming,0
sift,0
earflap,0
field glasses,0
oblige,0
breadth,0
suet,0
changeling,0
snappish,0
cur,0
thimble,0
comfit,0
titter,0
adjourn,0
litigate,0
scaremonger,0
bran,0
cumin,0
oregano,0
gazpacho,0
ginger,0
clove,0
cauliflower,0
tofu,0
converse,0
condiment,0
qualm,25
freebie,0
draggle,0
caucus race,0
lory,0
bristle,0
capital,0
awhile,0
barley,0
fairway,0
downcast,0
comeuppance,0
daisy chain,0
din,0
waffle,0
fuss,0
stoat,26
wrench,0
slit,0
loathe,0
forevermore,24
trickle,0
snare,0
tendril,0
sprawl,0
flump,0
skulk,0
bask,0
batty,0
dapple,22
chisel,14
remipede,18
lifeblood,0
rookie,0
hind,0
palomino,0
undergrowth,0
stargazer,0
hoist,0
oaf,0
scud,0
leer,0
tartan,0
trowel,0
pep,0
streak,0
bloodcurdling,0
squawk,0
wide-awake,0
crumpet,0
tureen,4
frogmarch,0
halfheartedly,29
loopy,0
fudge,22
enclose,0
whittle,0
duster,0
flatly,5
festoon,0
drafty,0
chappie,0
jinx,0
lurch,0
moleskin,0
waft,6
offhand,0
bedspread,0
chortle,0
singsong,0
bellow,0
cackle,0
splutter,0
snuffle,0
byway,0
gape,0
clang,0
javelin,0
boarhound,0
bezoar,0
wormwood,0
asphodel,0
ensnare,0
bulge,0
conk,0
scab,0
sallow,0
meringue,0
treacle,0
gaunt,0
miff,0
blubber,0
oddment,0
swagger,0
queasy,0
be / get in a flap,0
fray,0
tights,0
ruff,0
smarten,0
turret,0
riffraff,0
thickset,0
dud,0
convent,0
attire,0
mire,0
ickle,0
wrought,0
holly,0
ebony,4
heartstring,0
pliable,0
mahogany,0
willow,37
tingle,0
tinkle,0
duffer,0
mauve,0
infernal,0
billow,22
plump,0
diagon,0
hag,35
babble,0
phial,0
kip,0
squeal,0
crackpot,0
clout,0
codswallop,0
foghorn,0
rant,0
quill,0
prune,0
rasp,0
shrivel,0
amble,0
wheeze,0
whelk,0
twang,0
knickerbocker,0
slither,0
snicker,0
hoodlum,0
trumpet,0
knave,0
thistle,0
whereupon,0
upright,0
deft,0
pundit,0
pontificate,0
nightfall,0
atta,0
whisker,0
dab,0
flinch,0
ruffle,0
don,0
brow,0
dido,0
interplay,29
lovey-dovey,10
hold the line,0
propriety,0
outdraw,0
crap-weasel,0
daresay,2
inquisitive,0
emeritus,0
broth,0
bespeak,0
beseech,0
beget,0
misgive,0
gird,0
ringlet,0
currant,0
custard,0
the nerve of someone,0
huddle,0
en suite,15
skin-deep,0
insurrection,0
recourse,0
Naples,0
valediction,0
toehold,0
obituary,0
freeball,0
averse,0
alpine,0
skid,18
downright,0
burly,0
upscale,0
splurge,0
hamartia,0
nick,0
distraught,0
timewise,0
addle,0
sodcast,0
prosody,0
conflate,0
suit yourself,0
,0
let happen whatever would happen,0
I mean it,0
hear me out!,0
you know better than that,0
no reason in particular,0
whatever is meant to be will be,0
I haven't given it much thought,0
tend to your own affairs,0
spic,0
stanza,0
exordium,0
canvass,3
hiatus,0
accrue,0
belt out,0
acousmatic,0
waterboard,0
groin,0
string someone along,0
Cat got your tongue?,0
mixed fraction,0
equilateral triangle,0
scalene triangle,0
wardrobe,0
wile,0
Richard Of York Gave Battle In Vain,0
sniffle,0
till / until the cows come home,0
rectum,0
ostracism,0
hap,0
trinkle,0
vane,0
nestle,0
arrears,0
drupe,0
aisle,25
vie,0
persiflage,0
tardigrade,0
pariah,0
kippah,0
ease,0
traipse,0
dumpling,0
outsourcing,0
leathery,0
hide,0
illicit,0
wraith,0
discrete,0
abulia,27
tantamount,0
moon,0
off-white,0
call down,35
ad interim,0
laughter is the last refuge of the stupid,0
honeyfuggle,0
chaff,0
dovetail,0
venue,0
namely,0
infer,0
enquire,0
enquiry,0
eviscerate,0
paramount,0
bumbledom,0
imply,0
bark,0
liaison,0
elongate,0
strenuous,0
loft,0
cinder,0
cater,28
quadriplegia,0
DUI,0
sparkler,0
jay,0
limelight,15
wiseacre,0
squelch,0
buckaroo,0
gaff,0
pissant,0
goad,0
synopsis,0
mackerel,0
sprat,0
humpback salmon,0
pike,0
crucian carp,0
catfish,25
budgerigar,0
bare,0
reindeer,0
clam,0
cod,0
gerbil,0
gnat,0
impala,0
jackal,0
macaw,0
mallard,0
manatee,8
marten,0
minnow,0
pug,0
serval,0
groundhog,10
plumage,0
maffle,0
nightingale,0
puck,0
sprite,0
GDP,0
GDP (nominal) per capita,0
parity,0
sky lantern,0
perambulate,0
raunchy,0
quip,0
taunt,0
comeback,0
contravene,0
guffaw,0
timorous,0
salty,0
succubus,0
incubus,0
crony,0
sham,0
resin,0
coy,0
reprisal,0
unkempt,0
retribution,0
requite,0
clunky,0
smarmy,0
nonce,0
Koi,0
Nebuchadnezzar,0
doppelganger,0
ramify,0
ramification,0
noodle,0
noggin,0
decorate,19
homing pigeon,0
balm,0
foul-smelling,0
Peeping Tom,0
illustrious,0
inscrutable,0
false modesty,0
say it don't spray it,0
pin,0
funnel,0
on a roll,0
parsley,0
fennel,0
plunger,0
scrible,0
smoking hot,0
spoon,0
toasty,0
well-rounded,11
heckler,0
savviness,0
terrific,0
spry,0
endorse,5
esteem,0
dispose,0
afterlight,0
vesper,0
per se,0
eventide,0
crepuscule,21
enthrall,0
willful ignorance,0
watch like a hawk,0
pictorial,0
wild goose chase,31
fabricate,0
impasse,0
old one-two,0
incendiary,0
arson,0
stir,0
anomalous,0
aloof,0
heads-up,0
admonition,19
winners never quit and quitters never win,0
lentil,0
suppository,26
snollygoster,0
accretion,0
overcast,0
brume,0
deteriorate,0
dilute,0
carol,24
brethren,0
mulct,0
flagrant,0
cleat,0
flange,0
castor,0
latch,0
awning,0
"eye bolts, screw eyes",25
mantle,0
soggy,0
manacle,0
frolic,0
latter,0
onset,0
eminent,0
DÃÂÃÂÃÂÃÂÃÂÃÂÃÂÃÂÃÂÃÂÃÂÃÂÃÂÃÂÃÂÃÂÃÂÃÂÃÂÃÂÃÂÃÂÃÂÃÂÃÂÃÂÃÂÃÂÃÂÃÂÃÂÃÂÃÂÃÂÃÂÃÂÃÂÃÂÃÂÃÂÃÂÃÂÃÂÃÂÃÂÃÂÃÂÃÂÃÂÃÂÃÂÃÂÃÂÃÂÃÂÃÂÃÂÃÂÃÂÃÂÃÂÃÂÃÂÃÂÃÂÃÂÃÂÃÂÃÂÃÂÃÂÃÂÃÂÃÂÃÂÃÂÃÂÃÂÃÂÃÂÃÂÃÂÃÂÃÂÃÂÃÂÃÂÃÂÃÂÃÂÃÂÃÂÃÂÃÂÃÂÃÂÃÂÃÂÃÂÃÂÃÂÃÂÃÂÃÂÃÂÃÂÃÂÃÂÃÂÃÂÃÂÃÂÃÂÃÂÃÂÃÂÃÂÃÂÃÂÃÂÃÂÃÂÃÂÃÂÃÂÃÂÃÂÃÂ©tente,27
emanate,0
immanent,0
concoction,0
taxonomic rank,9
manner,0
rowdy,0
preemie,0
gangly,0
tushie,0
enabler,13
boff,0
angular,0
mote,0
datum,0
rinse,0
upshot,0
hireling,0
colloquy,25
hale,0
excise,0
subversive,0
betide,0
defray,0
tincture,0
torpor,0
despoil,0
victual,0
impute,0
calico,0
treatise,0
berth,0
sundry,0
nave,0
repast,0
wan,0
stark,0
inter,0
bluster,0
blowout,0
crass,0
retinue,0
aplomb,0
rube,0
plonk,0
abrade,0
hayseed,0
hooters,0
pucker,0
thong,0
gentry,0
contentment,0
ire,36
sanitary napkin,0
hidebound,0
get back to someone,0
fruition,33
trundle,0
admonish,0
color,0
at no time,0
hear from,0
drive on,0
finish off,0
join in,0
discrepancy,0
niggard,0
dried apricots,0
hazardous,0
mutinous,0
mutiny,0
blue,15
concert,0
despondent,0
quicksand,0
veer,0
innate,0
save up,0
think of,0
keep in,0
inter alia,0
lanky,0
hack,0
hone,0
wondrous,19
lopsided,0
loll,0
laurel,0
wreath,0
immaculate,0
dubious,0
girth,0
trounce,0
double cross,0
Alaska pollock,0
hunk,0
wash up,2
excruciating,0
callous,0
well,0
cartwheel,0
solemn,0
callus,0
harlot,0
emaciate,0
tepid,0
semolina,0
garnet,0
pomegranate,0
swamp,0
buckwheat,0
condensed milk,0
dishevel,0
irate,0
litany,0
impalement,0
silage,0
buoyant,0
buoyancy,0
sodden,0
junior,0
senior,0
eggnog,0
vigil,0
smattering,0
anvil,23
pester,29
shackle,0
shin,0
arid,0
canny,0
horrendous,0
dais,0
dog,0
chickpea,19
belate,0
divest,0
indemnity,0
interloper,0
rivet,15
shawl,0
tabernacle,0
desist,0
fiend,0
homily,0
foliage,0
chirrup,0
pinafore,0
poltroon,18
brimstone,0
lea,0
discern,30
inanition,0
buxom,0
grace,0
rancid,0
animadversion,0
flog,27
meed,0
chilblain,19
exigency,0
stalwart,0
bounteous,0
mistimed,0
excrescence,6
knell,0
palsy,0
pathos,0
shirk,0
effluence,0
lineament,0
mien,0
construe,29
asunder,12
primrose,0
pastille,35
effluvium,0
sumptuous,0
racy,0
inquire,0
put somebody off doing something,0
brackish,0
fetid,0
imbibe,0
soliloquy,0
sublunary,0
deadlock,0
grandeur,0
rookery,0
craggy,0
hamlet,0
lisp,18
docile,0
spar,0
boudoir,0
salient,0
cherub,0
staid,32
ardor,0
causeway,0
congeal,0
rook,0
bishop,0
knight,0
leeway,0
pollard,0
rill,32
choler,0
accost,0
confound,28
interlocutor,0
upend,0
ditto,0
hector,0
bilge,0
charnel,0
dross,0
fain,0
spoony,0
lurid,0
rebuff,0
etiolate,0
pip,0
ewer,0
perpetrate,0
blear,0
indelible,0
sonorous,0
contumacy,0
ensconce,0
imposing,0
mesh,0
extirpate,0
sunder,0
lark,0
confabulate,0
dowager,33
anathematize,0
vanquish,31
inkle,0
extant,0
onus,0
behest,0
apanage,0
fillip,0
dote,0
prig,0
unremitting,0
consort,0
beguile,0
aquiline,0
gander,0
girandole,23
adage,0
grouse,0
perpetuate,0
crone,0
diablerie,0
quibble,0
blackavised,0
suitor,0
chasm,0
brine,0
doff,0
pallor,0
minister,0
by dint of,0
incarnate,0
anon,0
whit,0
trice,12
juncture,0
shoe,0
immutable,0
arbour,0
parable,14
penchant,0
in a trice,0
dint,0
presentiment,0
peremptory,0
relish,0
crucifix,0
drab,0
pelisse,0
merino,0
bridle,0
heretofore,0
amity,0
imperious,0
cumber,0
washy,0
husky,0
deglutition,0
hearse,0
cynosure,0
briar,0
stile,0
truant,0
second sight,0
clairvoyance,0
philter,0
peeve,0
pet peeve,0
wicket,0
noose,0
bosom,0
forthwith,0
slip knot,0
chowder,0
efface,0
binky,7
fount,0
heirloom,0
circlet,0
sylph,0
effervesce,0
skein,0
concession,0
sulky,0
vouchsafe,0
cudgel,0
pertinaciously,0
tyne,0
hie,0
asperity,0
deferential,0
tweak,0
a leopard can't change its spots,0
precinct,0
virile,0
endear,0
gambol,19
curtail,0
impetus,0
besot,0
chaste,0
infirm,0
devious,0
solecism,0
easel,0
pant,0
stubble,0
syncope,0
dissever,0
heath,0
absolve,0
drover,0
allay,0
lozenge,0
gruel,0
relent,0
lattice,0
bridle path,0
immemorial,0
moor,0
tillage,0
alloy,0
menial,0
ignoble,0
morass,0
pent,11
supervene,0
recriminate,0
scion,0
votary,0
ken,0
preside,0
emulous,0
catechism,0
pout,0
inroad,0
shun,0
canker,0
yoke,0
asp,0
transpire,0
trample,31
misdemeanor,0
namesake,0
bulwark,0
paroxysm,0
enamel,0
husk,0
kernel,0
oblation,0
hierophant,0
whet,0
conflagration,0
stone-blind,0
sylvan,0
frenzy,15
cicatrix,0
astir,3
skylark,0
purveyor,0
woodbine,0
wend,0
forelock,0
exquisite,37
attain,0
exact,0
feeding frenzy,0
deuteragonist,0
tycoon,0
kennel,0
layabout,0
meander,30
hubbub,0
crestfallen,0
snooty,0
saunter,0
chicory,19
potty,29
rhubarb,0
voice-over,0
rapscallion,0
gouge,0
flaunt,0
bonhomie,0
holdall,0
omnibus,0
defer,0
gist,0
back street,0
promenade,0
wino,0
dawdle,0
lackadaisical,0
tiff,0
converge,0
bob,0
unnerve,0
stonewall,0
tussle,0
keel,0
scone,0
tangent,0
recoil,0
thicket,0
bonk,9
bonkers,0
cagey,0
rile,0
nettle,23
bramble,0
doodle,0
crisp,0
woolly,22
lay-by,0
hoe,0
concubine,0
melange,0
musk,0
volition,0
point-blank,0
hardline,14
galvanize,0
meddlesome,0
muddle,37
incursion,0
adept,0
uncouth,0
ofttimes,0
encompass,0
pillage,0
spoils of war,0
spoil,0
renegade,12
subvert,0
garrison,0
coffer,0
galoot,0
fickle,0
haste,31
smokescreen,0
household,0
cryptic,0
cabalistic,0
straighten out,0
blue flower,0
bandy,0
chariot,0
surcease,38
cupidity,0
leaven,0
woolgathering,0
tousle,0
minion,0
wanderlust,0
subaltern,28
trace,0
gobble,0
teem,0
purse,8
outright,0
alcove,0
riposte,0
stalemate,0
skirt,9
pyretic,0
abeyance,0
more's the pity,0
truss,0
foretaste,31
mewl,0
sliver,0
mellow,0
lackey,0
obsidian,0
geriatric,0
clabber,0
escarpment,0
rankle,0
quarter,0
exercise,0
hither,0
snick,0
maelstrom,0
renown,4
woo,0
fief,0
suborn,0
circumvent,0
clod,24
minutia,0
therein,0
tantalize,0
broach,0
qanat,0
out of hand,0
banter,0
hothead,0
imprecate,0
inimitable,0
soothsay,0
hammock,0
coddle,0
heft,0
honeycomb,0
overt,0
primordial,0
caress,0
lilac,0
curette,0
crutch,0
enjoin,0
besmirch,0
eunuch,0
rigmarole,0
eke,0
bane,0
boon or bane,0
tick,0
synergy,0
fob,0
silver-tongued,0
fluent,0
clinical,0
bareback,0
fornication,0
carbonated water,0
burlesque,0
stag,0
derpy,5
moonshine,0
make no apologies for,0
pothole,0
pillory,0
patsy,0
wholesome,0
someone is going places,25
Fig,0
array,21
in full fig,0
compass,0
fast,36
fast friend,0
gaffe,0
exert oneself,0
bevy,0
verdant,0
plutocracy,0
right away,0
consign,0
custody,0
in hot water,0
in the doghouse,0
posh,0
"no guts, no glory",0
indispensable,0
potbelly,0
quirt,0
prowl,0
mast,0
forestall,0
bookie,0
swank,0
crock,0
wench,0
pump,0
bop,0
medley,0
newsy,0
pod,0
tawdry,0
floozie,0
satchel,0
gamahuche,0
reductive,0
recapitulation,0
yen,0
forebear,0
coattail,0
item,0
dragon fruit,0
longshoreman,0
smart,0
smart off,0
culvert,0
kicks,0
furnace,26
sharpster,0
sally,0
benny,0
goofball,26
bedeck,27
ply,0
seven seas,0
sultry,0
hoodwink,0
firmament,0
huzzah,0
sniffy,0
dotage,0
mesquite,0
landfill,0
clutch,0
bellhop,0
warmonger,0
histrionics,0
chime in,0
chime,0
catty,27
newt,0
sight for sore eyes,0
modicum,0
garner,0
mainline,0
deliverance,0
slug,0
slimeball,0
slime,0
betroth,0
hearsay,0
dichotomy,0
ring up,0
moat,0
sesame,9
poppy,0
expletive,0
lambaste,0
vat,0
talk the talk and walk the walk,9
cojones,0
huevo,0
huevos,0
thespian,0
cineast,0
buttress,0
paragon,8
lash,0
tonsorial,0
appurtenance,0
errant,0
gaslight,0
waiver,0
curt,0
whore's bath,0
dicker,0
harrumpher,0
pen,0
piles,0
penitentiary,0
jig,0
foreshorten,0
tweed,27
seraph,0
gabble,0
ornate,0
gritty,0
shudder,0
whatnot,0
bedraggle,0
adobe,0
twiddle,0
floppy,0
frond,0
bangtail,0
popeyed,0
bashful,0
navel,0
bedevil,0
vegetation,0
chorister,0
impend,0
skitter,0
nutmeg,0
act out,0
gingiva,0
genyantritis,5
gerridae,0
uvula,0
runny nose,0
urinary bladder,0
refection,0
fodder,0
middling,0
cuirass,0
maw,0
vicissitude,0
expat,0
discharge,0
zany,0
what goes around comes around,28
ineffable,0
punch line,0
obsessiveÃÂÃÂÃÂÃÂÃÂÃÂÃÂÃÂÃÂÃÂÃÂÃÂÃÂÃÂÃÂÃÂÃÂÃÂÃÂÃÂÃÂÃÂÃÂÃÂÃÂÃÂÃÂÃÂÃÂÃÂÃÂÃÂÃÂÃÂÃÂÃÂÃÂÃÂÃÂÃÂÃÂÃÂÃÂÃÂÃÂÃÂÃÂÃÂÃÂÃÂÃÂÃÂÃÂÃÂÃÂÃÂÃÂÃÂÃÂÃÂÃÂÃÂÃÂÃÂÃÂÃÂÃÂÃÂÃÂÃÂÃÂÃÂÃÂÃÂÃÂÃÂÃÂÃÂÃÂÃÂÃÂÃÂÃÂÃÂÃÂÃÂÃÂÃÂÃÂÃÂÃÂÃÂÃÂÃÂÃÂÃÂÃÂÃÂÃÂÃÂÃÂÃÂÃÂÃÂÃÂÃÂÃÂÃÂÃÂÃÂÃÂÃÂÃÂÃÂÃÂÃÂÃÂÃÂÃÂÃÂÃÂÃÂÃÂÃÂÃÂÃÂÃÂÃÂ¢ÃÂÃÂÃÂÃÂÃÂÃÂÃÂÃÂÃÂÃÂÃÂÃÂÃÂÃÂÃÂÃÂÃÂÃÂÃÂÃÂÃÂÃÂÃÂÃÂÃÂÃÂÃÂÃÂÃÂÃÂÃÂÃÂÃÂÃÂÃÂÃÂÃÂÃÂÃÂÃÂÃÂÃÂÃÂÃÂÃÂÃÂÃÂÃÂÃÂÃÂÃÂÃÂÃÂÃÂÃÂÃÂÃÂÃÂÃÂÃÂÃÂÃÂÃÂÃÂÃÂÃÂÃÂÃÂÃÂÃÂÃÂÃÂÃÂÃÂÃÂÃÂÃÂÃÂÃÂÃÂÃÂÃÂÃÂÃÂÃÂÃÂÃÂÃÂÃÂÃÂÃÂÃÂÃÂÃÂÃÂÃÂÃÂÃÂÃÂÃÂÃÂÃÂÃÂÃÂÃÂÃÂÃÂÃÂÃÂÃÂÃÂÃÂÃÂÃÂÃÂÃÂÃÂÃÂÃÂÃÂÃÂÃÂÃÂÃÂÃÂÃÂÃÂÃÂÃÂÃÂÃÂÃÂÃÂÃÂÃÂÃÂÃÂÃÂÃÂÃÂÃÂÃÂÃÂÃÂÃÂÃÂÃÂÃÂÃÂÃÂÃÂÃÂÃÂÃÂÃÂÃÂÃÂÃÂÃÂÃÂÃÂÃÂÃÂÃÂÃÂÃÂÃÂÃÂÃÂÃÂÃÂÃÂÃÂÃÂÃÂÃÂÃÂÃÂÃÂÃÂÃÂÃÂÃÂÃÂÃÂÃÂÃÂÃÂÃÂÃÂÃÂÃÂÃÂÃÂÃÂÃÂÃÂÃÂÃÂÃÂÃÂÃÂÃÂÃÂÃÂÃÂÃÂÃÂÃÂÃÂÃÂÃÂÃÂÃÂÃÂÃÂÃÂÃÂÃÂÃÂÃÂÃÂÃÂÃÂÃÂÃÂÃÂÃÂÃÂÃÂÃÂÃÂÃÂÃÂÃÂÃÂÃÂÃÂÃÂÃÂÃÂÃÂÃÂÃÂÃÂÃÂÃÂÃÂÃÂÃÂÃÂÃÂÃÂÃÂÃÂÃÂcompulsive disorder,0
equine,20
edify,0
jocular,0
trivia,0
cloister,0
refectory,0
latrine,5
unguent,0
arcanum,0
enthymeme,0
cowl,0
effete,0
licit,0
gridiron,0
expound,0
cenacle,0
censer,30
balneary,0
spoor,0
habit,0
figment,0
sacrilege,0
flagellant,0
curdle,0
bling,2
jocose,0
pudendum,0
grunt,0
violable,0
heifer,0
hospice,0
somnolent,0
omniscient,0
all the same,0
dressed to the teeth,0
miasma,0
highwayman,0
simony,0
cockalorum,0
leapfrog,0
tumbleweed,0
tithe,0
hovel,0
vernacular,0
jape,0
tumescent,0
pestiferous,0
serf,0
expend,0
attenuate,4
bleat,0
concupiscence,0
refuse,0
gnome,0
cobbler,0
perjury,0
vicar,0
osseous,0
renounce,0
malady,0
denigrate,0
sop,0
sybarite,0
malefactor,0
wretch,0
mete,19
extraneous,25
viper,0
overweening,0
mettle,0
brigand,0
furrow,0
assay,0
chthonian,0
filigree,0
staunch,0
scansion,0
temporize,0
chalice,0
vox,0
flatus,0
lapidary,0
subjugate,0
dexterous,0
catharsis,0
foolhardy,0
studs,0
doorjamb,0
neigh,0
seer,0
inordinate,0
spurn,0
hark back,0
hearken,0
flunitrazepam,13
millet,0
veal,0
slip oneÃÂÃÂÃÂÃÂÃÂÃÂÃÂÃÂÃÂÃÂÃÂÃÂÃÂÃÂÃÂÃÂÃÂÃÂÃÂÃÂÃÂÃÂÃÂÃÂÃÂÃÂÃÂÃÂÃÂÃÂÃÂÃÂÃÂÃÂÃÂÃÂÃÂÃÂÃÂÃÂÃÂÃÂÃÂÃÂÃÂÃÂÃÂÃÂÃÂÃÂÃÂÃÂÃÂÃÂÃÂÃÂÃÂÃÂÃÂÃÂÃÂÃÂÃÂÃÂÃÂÃÂÃÂÃÂÃÂÃÂÃÂÃÂÃÂÃÂÃÂÃÂÃÂÃÂÃÂÃÂÃÂÃÂÃÂÃÂÃÂÃÂÃÂÃÂÃÂÃÂÃÂÃÂÃÂÃÂÃÂÃÂÃÂÃÂÃÂÃÂÃÂÃÂÃÂÃÂÃÂÃÂÃÂÃÂÃÂÃÂÃÂÃÂÃÂÃÂÃÂÃÂÃÂÃÂÃÂÃÂÃÂÃÂÃÂÃÂÃÂÃÂÃÂÃÂ¢ÃÂÃÂÃÂÃÂÃÂÃÂÃÂÃÂÃÂÃÂÃÂÃÂÃÂÃÂÃÂÃÂÃÂÃÂÃÂÃÂÃÂÃÂÃÂÃÂÃÂÃÂÃÂÃÂÃÂÃÂÃÂÃÂÃÂÃÂÃÂÃÂÃÂÃÂÃÂÃÂÃÂÃÂÃÂÃÂÃÂÃÂÃÂÃÂÃÂÃÂÃÂÃÂÃÂÃÂÃÂÃÂÃÂÃÂÃÂÃÂÃÂÃÂÃÂÃÂÃÂÃÂÃÂÃÂÃÂÃÂÃÂÃÂÃÂÃÂÃÂÃÂÃÂÃÂÃÂÃÂÃÂÃÂÃÂÃÂÃÂÃÂÃÂÃÂÃÂÃÂÃÂÃÂÃÂÃÂÃÂÃÂÃÂÃÂÃÂÃÂÃÂÃÂÃÂÃÂÃÂÃÂÃÂÃÂÃÂÃÂÃÂÃÂÃÂÃÂÃÂÃÂÃÂÃÂÃÂÃÂÃÂÃÂÃÂÃÂÃÂÃÂÃÂÃÂÃÂÃÂÃÂÃÂÃÂÃÂÃÂÃÂÃÂÃÂÃÂÃÂÃÂÃÂÃÂÃÂÃÂÃÂÃÂÃÂÃÂÃÂÃÂÃÂÃÂÃÂÃÂÃÂÃÂÃÂÃÂÃÂÃÂÃÂÃÂÃÂÃÂÃÂÃÂÃÂÃÂÃÂÃÂÃÂÃÂÃÂÃÂÃÂÃÂÃÂÃÂÃÂÃÂÃÂÃÂÃÂÃÂÃÂÃÂÃÂÃÂÃÂÃÂÃÂÃÂÃÂÃÂÃÂÃÂÃÂÃÂÃÂÃÂÃÂÃÂÃÂÃÂÃÂÃÂÃÂÃÂÃÂÃÂÃÂÃÂÃÂÃÂÃÂÃÂÃÂÃÂÃÂÃÂÃÂÃÂÃÂÃÂÃÂÃÂÃÂÃÂÃÂÃÂÃÂÃÂÃÂÃÂÃÂÃÂÃÂÃÂÃÂÃÂÃÂÃÂÃÂÃÂÃÂÃÂÃÂÃÂÃÂÃÂÃÂÃÂÃÂÃÂÃÂs mind,0
mallet,0
limber,0
superannuated,0
snide,0
roadkill,0
derelict,0
belligerent,0
waybill,0
foundry,0
dime store,0
lacquer,0
derrick,21
drone,0
anteroom,0
rebate,0
fulcrum,18
lick,0
lapel,0
nifty,0
lug,0
trench,0
wilt,0
vapid,19
woodchuck,0
nÃÂÃÂÃÂÃÂÃÂÃÂÃÂÃÂÃÂÃÂÃÂÃÂÃÂÃÂÃÂÃÂÃÂÃÂÃÂÃÂÃÂÃÂÃÂÃÂÃÂÃÂÃÂÃÂÃÂÃÂÃÂÃÂÃÂÃÂÃÂÃÂÃÂÃÂÃÂÃÂÃÂÃÂÃÂÃÂÃÂÃÂÃÂÃÂÃÂÃÂÃÂÃÂÃÂÃÂÃÂÃÂÃÂÃÂÃÂÃÂÃÂÃÂÃÂÃÂÃÂÃÂÃÂÃÂÃÂÃÂÃÂÃÂÃÂÃÂÃÂÃÂÃÂÃÂÃÂÃÂÃÂÃÂÃÂÃÂÃÂÃÂÃÂÃÂÃÂÃÂÃÂÃÂÃÂÃÂÃÂÃÂÃÂÃÂÃÂÃÂÃÂÃÂÃÂÃÂÃÂÃÂÃÂÃÂÃÂÃÂÃÂÃÂÃÂÃÂÃÂÃÂÃÂÃÂÃÂÃÂÃÂÃÂÃÂÃÂÃÂÃÂÃÂÃÂÃÂÃÂÃÂÃÂÃÂÃÂÃÂÃÂÃÂÃÂÃÂÃÂÃÂÃÂÃÂÃÂÃÂÃÂÃÂÃÂÃÂÃÂÃÂÃÂÃÂÃÂÃÂÃÂÃÂÃÂÃÂÃÂÃÂÃÂÃÂÃÂÃÂÃÂÃÂÃÂÃÂÃÂÃÂÃÂÃÂÃÂÃÂÃÂÃÂÃÂÃÂÃÂÃÂÃÂÃÂÃÂÃÂÃÂÃÂÃÂÃÂÃÂÃÂÃÂÃÂÃÂÃÂÃÂÃÂÃÂÃÂÃÂÃÂÃÂÃÂÃÂÃÂÃÂÃÂÃÂÃÂÃÂÃÂÃÂÃÂÃÂÃÂÃÂÃÂÃÂÃÂÃÂÃÂÃÂÃÂÃÂÃÂÃÂÃÂÃÂÃÂÃÂÃÂÃÂÃÂÃÂÃÂÃÂÃÂÃÂÃÂÃÂÃÂÃÂÃÂÃÂÃÂÃÂÃÂÃÂÃÂÃÂÃÂÃÂÃÂÃÂÃÂÃÂ©gligÃÂÃÂÃÂÃÂÃÂÃÂÃÂÃÂÃÂÃÂÃÂÃÂÃÂÃÂÃÂÃÂÃÂÃÂÃÂÃÂÃÂÃÂÃÂÃÂÃÂÃÂÃÂÃÂÃÂÃÂÃÂÃÂÃÂÃÂÃÂÃÂÃÂÃÂÃÂÃÂÃÂÃÂÃÂÃÂÃÂÃÂÃÂÃÂÃÂÃÂÃÂÃÂÃÂÃÂÃÂÃÂÃÂÃÂÃÂÃÂÃÂÃÂÃÂÃÂÃÂÃÂÃÂÃÂÃÂÃÂÃÂÃÂÃÂÃÂÃÂÃÂÃÂÃÂÃÂÃÂÃÂÃÂÃÂÃÂÃÂÃÂÃÂÃÂÃÂÃÂÃÂÃÂÃÂÃÂÃÂÃÂÃÂÃÂÃÂÃÂÃÂÃÂÃÂÃÂÃÂÃÂÃÂÃÂÃÂÃÂÃÂÃÂÃÂÃÂÃÂÃÂÃÂÃÂÃÂÃÂÃÂÃÂÃÂÃÂÃÂÃÂÃÂÃÂÃÂÃÂÃÂÃÂÃÂÃÂÃÂÃÂÃÂÃÂÃÂÃÂÃÂÃÂÃÂÃÂÃÂÃÂÃÂÃÂÃÂÃÂÃÂÃÂÃÂÃÂÃÂÃÂÃÂÃÂÃÂÃÂÃÂÃÂÃÂÃÂÃÂÃÂÃÂÃÂÃÂÃÂÃÂÃÂÃÂÃÂÃÂÃÂÃÂÃÂÃÂÃÂÃÂÃÂÃÂÃÂÃÂÃÂÃÂÃÂÃÂÃÂÃÂÃÂÃÂÃÂÃÂÃÂÃÂÃÂÃÂÃÂÃÂÃÂÃÂÃÂÃÂÃÂÃÂÃÂÃÂÃÂÃÂÃÂÃÂÃÂÃÂÃÂÃÂÃÂÃÂÃÂÃÂÃÂÃÂÃÂÃÂÃÂÃÂÃÂÃÂÃÂÃÂÃÂÃÂÃÂÃÂÃÂÃÂÃÂÃÂÃÂÃÂÃÂÃÂÃÂÃÂÃÂÃÂÃÂÃÂÃÂÃÂÃÂÃÂÃÂÃÂÃÂ©e,0
shyster,0
welsh,0
indenture,0
palaver,0
leaden,24
wince,0
ingot,0
stillborn,0
garrote,0
presuppose,0
concourse,0
bromide,28
meager,0
ward,0
simper,0
portly,0
piker,0
sheaf,0
rive,0
stupendous,0
railroad,0
leniency,0
compulsion,0
gavel,0
noncommittal,0
debase,0
tenet,0
squalor,0
prim,0
repeal,0
pestilence,0
lace,0
smut,0
goon,0
scurvy,0
retch,0
wharf,0
bootleg,0
affidavit,0
gigolo,0
unself,0
windbreaker,0
restitution,0
disgorge,0
constituent,0
backward,0
continent,3
girder,0
conflux,0
pittance,0
snapshot,38
guff,0
huffy,0
snip,0
wistful,0
gulch,6
scholastic,0
shanty,0
drudgery,0
wastrel,0
abdicate,0
amuck,0
beast of burden,0
handcart,0
tread,0
usher,0
floor-walker,0
stub,0
pertinent,0
claptrap,0
scuttle,0
cardsharp,19
ascribe,0
brash,0
deadhead,0
goo,0
zealot,0
munificent,0
rostrum,0
gully,0
cornice,0
tumbril,0
slag,0
strident,0
atavist,0
lien,0
tickled pink,0
flunkey,0
mezzanine,0
bayonet,0
blazes,0
wayfarer,0
hickey,0
mephitic,0
wick,0
ducks and drakes,0
blanch,0
pincers,0
clamp,0
sentry,0
compunction,0
bier,0
limpet,0
gourd,0
helm,0
seafare,0
affix,0
crag,0
orifice,0
artifice,0
effigy,0
intercede,0
cochineal,0
akimbo,0
gale,0
cicerone,0
epistle,0
revel,0
profound,0
missive,0
dabble,0
helmet,0
churl,0
ruffian,0
lance,0
emetic,0
nabob,0
tonsure,0
simp,0
bosky,31
port,0
starboard,23
boatswain,0
gangway,0
scot,0
cutlass,0
barnacle,0
sweepstake,0
brindle,0
avast,0
ham,0
dyspeptic,28
privy,0
halibut,0
cooper,13
tierce,34
hull,0
eddy,0
torrid,0
pugnacious,0
forenoon,0
regal,0
winsome,0
genus,0
bilocular,0
ferule,0
capstone,0
sedentary,0
whirligig,0
fouette,0
volcel,0
double entendre,0
bona fide,0
mala fide,0
rind,0
spiracle,0
waif,0
posy,0
diddle,0
bejuggle,0
lesion,0
hollyhock,0
whippersnapper,0
medulla,0
medulla oblongata,0
thyroid gland,0
vogue,0
dialysis,0
jamboree,0
eucharist,11
lickety-split,0
chit,0
mouth,0
topsy-turvy,0
lackluster,0
jade,30
pigeonhole,0
suplex,0
subterfuge,0
rake it in,0
raffle,0
undercarriage,0
