Column1,Column2,Column3,Column4,Column5,Column6,Checked
84886454452,"die Ansage, -n",HÃÂÃÂ¶ren Sie auf die Ansagen.,announcement,Listen to the announcements.,,0.0
84886454453,der Anschluss,In Mannheim haben Sie Anschluss nach SaarbrÃÂÃÂ¼cken.,connection,In Mannheim you have a connection to SaarbrÃÂÃÂ¼cken.,,0.0
84886454454,der Anschluss,Ist das die Anmeldung fÃÂÃÂ¼r einen Telefonanschluss?,connection,Is that the application for a telephone connection?,,0.0
84886454455,an sein,Heute Nacht war das Licht an.,to be (switched) on,The light was on tonight.,,0.0
84886454456,antworten,Er antwortet nicht.,to answer,He isnÃÂÃÂt answering.,,0.0
84886454457,"die Antwort, -en",Er gibt leider keine Antwort.,answer,Unfortunately he isn't giving an answer.,,0.0
84886454458,"die Anzeige, -n",Ich habe Ihre Anzeige in der Zeitung gelesen.,advert,I read your advert in the newspaper.,,0.0
84886454459,(sich) anziehen,Ich muss mich noch anziehen.,to get dressed,I still need to get dressed.,,0.0
84886454460,"das Apartment, -s",Wir haben ein Apartment gemietet.,apartment,We rented an apartment.,,0.0
84886454461,"der Apfel, -ÃÂÃÂ",Ein Pfund ÃÂÃÂpfel bitte.,apple,"One pound of apples, please.",,0.0
84886454462,der Appetit,Guten Appetit!,ÃÂÃÂ,Bon appetit!,,0.0
84886454463,arbeiten,Wo arbeiten Sie?,to work,Where do you work?,,0.0
84886454464,"die Arbeit, -en",Mein Bruder sucht Arbeit.,work,My brother is looking for work.,,0.0
84886454465,arbeitslos,"Es gibt bei uns viele Leute, die schon lange arbeitslos sind.",unemployed,We have a lot of people who have been unemployed for a long time.,,0.0
84886454466,"der Arbeitsplatz, -ÃÂÃÂ¤, e",An meinem Arbeitsplatz fehlt ein Drucker.,workplace,There is no printer at my workplace.,,0.0
84886454467,"der Arm, -e",Mein Arm tut weh.,arm,My arm hurts.,,0.0
84886454468,"der Arzt, -ÃÂÃÂ, e",Morgen habe ich einen Termin bei meiner ÃÂÃÂrztin.,doctor,Tomorrow I have an appointment with my doctor.,,0.0
84886454469,auch,Ich bin auch Spanier.,also,I am also Spanish.,,0.0
84886454470,auf,Die Kinder spielen auf der StraÃÂÃÂe.,on,The children play on the street.,,0.0
84886454471,auf,Auf Wiedersehen.,until,goodbye (in person),lit. ÃÂÃÂuntil we see each other againÃÂÃÂ,0.0
84886454472,auf,Wie heiÃÂÃÂt das auf Deutsch?,in,WhatÃÂÃÂs that called in German?,,0.0
84886454473,"die Aufgabe, -n",Das ist eine schwere Aufgabe.,task,That is a difficult task.,,0.0
84886454474,aufhÃÂÃÂ¶ren,Der Kurs hÃÂÃÂ¶rt in einer Woche auf.,to end,The course ends in a week.,,0.0
84886454475,aufhÃÂÃÂ¶ren,Hier hÃÂÃÂ¶rt die BahnhofstraÃÂÃÂe auf.,to end,BahnhofstraÃÂÃÂe ends here.,,0.0
84886454476,auf sein,Du brauchst den SchlÃÂÃÂ¼ssel nicht. Die Wohnung ist auf.,to be open,You donÃÂÃÂt need the key. The flat is open.,,0.0
84886454477,aufstehen,Ich muss immer um vier Uhr aufstehen.,to get up,I always need to get up at 4 am.,,0.0
84886454478,aufstehen,Soll ich aufstehen?,to get up,Should I get up?,,0.0
84886454479,"der Aufzug, -ÃÂÃÂ¼, e",In diesem Haus gibt es keinen Aufzug.,lift,There is no lift in this building.,,0.0
84886454480,"das Auge, -n",Er hat blaue Augen.,eye,He has blue eyes.,,0.0
84886454481,aus,Er kommt aus Brasilien.,from,He comes from Brazil.,,0.0
84886454482,der Ausflug,Morgen machen wir einen Ausflug nach Heidelberg.,excursion,Tomorrow we are going on an excursion to Heidelberg.,,0.0
84886454483,ausfÃÂÃÂ¼llen,FÃÂÃÂ¼llen Sie bitte dieses Formular aus.,to fill out,Please fill out this form.,,0.0
84886454484,der Ausgang,Wo ist der Ausgang?,exit,Where is the exit?,,0.0
84886454485,"die Auskunft, -ÃÂÃÂ¼, e",KÃÂÃÂ¶nnen Sie mir eine Auskunft geben?,information/details,Can you give me some information?,,0.0
84886454486,das Ausland,Fahren Sie ins Ausland?,abroad/overseas,Do you travel abroad?,,0.0
84886454487,"der AuslÃÂÃÂ¤nder, -",Sind Sie AuslÃÂÃÂ¤nderin?,foreigner,Are you a foreigner?,A little offensive.,0.0
84886454488,auslÃÂÃÂ¤ndisch,Leider habe ich nur auslÃÂÃÂ¤ndisches Geld.,foreign,Unfortunately I only have foreign money.,,0.0
84886454489,ausmachen,Mach bitte das Licht aus!,to switch off,Please switch off the light!,,0.0
84886454490,"die Aussage, -n",Ist die Aussage richtig oder falsch?,statement,Is the statement true or false?,,0.0
84886454491,aussehen,Das sieht schÃÂÃÂ¶n aus.,to look,That looks beautiful.,,0.0
84886454492,aus sein,Das Licht ist aus.,to be (switched) off,The light is off.,,0.0
84886454493,aus sein,Die Schule ist aus.,to be out,School is out.,,0.0
84886454494,aussteigen,Wo muss ich aussteigen?,to alight,Where do I need to alight?,,0.0
84886454495,der Ausweis,Hier ist mein Ausweis.,identity card,Here is my identity card.,,0.0
84886454496,ausziehen,"Zieh die Schuhe aus, bitte!",to take off,Please take off your shoes!,,0.0
84886454497,sich ausziehen,Ich ziehe mich aus.,to get undressed,I get undressed.,,0.0
84886454498,"das Auto, -s",Er kommt mit dem Auto.,car,HeÃÂÃÂs coming by car.,,0.0
84886454499,"die Autobahn, -en",Wo gehtÃÂÃÂs hier bitte zur Autobahn?,motorway,How do I get to the motorway?,,0.0
84886454500,der Automat,Die Fahrkarten gibt es nur am Automaten.,machine,Tickets are only available from the machines.,,0.0
84886454501,automatisch,Du musst nichts machen. Das geht automatisch.,automatic,You donÃÂÃÂt need to do anything. It's automatic.,,0.0
84886454502,"das Baby, -s",Mein Kind ist noch ein Baby.,baby,My child is still a baby.,,0.0
84886454503,die BÃÂÃÂ¤ckerei,Ich geh mal schnell zur BÃÂÃÂ¤ckerei.,bakery,IÃÂÃÂm just popping to the bakery.,,0.0
84886454504,das Bad,Wir haben kein groÃÂÃÂes Bad.,bathroom,We donÃÂÃÂt have a large bathroom.,,0.0
84886454505,baden,"Ich bade nicht so gern, ich dusche lieber.",to bathe,"I donÃÂÃÂt like bathing so much, I prefer to shower.",,0.0
84886454506,die Bahn,Wir fahren lieber mit der Bahn.,train,We prefer to travel by train.,,0.0
84886454507,die Bahn,Ich nehme die nÃÂÃÂ¤chste Bahn.,train,IÃÂÃÂll take the next train.,,0.0
84886454508,der Bahnhof,Komme ich hier zum Bahnhof?,train station,Is this the way to the train station?,,0.0
84886454509,der Bahnsteig,Auf welchem Bahnsteig fÃÂÃÂ¤hrt der Zug?,platform,From which platform does the train depart?,,0.0
84886454510,bald,Ich komme bald.,soon,IÃÂÃÂm coming soon.,,0.0
84886454511,der Balkon,Die Wohnung hat auch einen kleinen Balkon.,balcony,The flat also has a small balcony.,,0.0
84886454512,"die Banane, -n","Drei Bananen, bitte!",banana,"Three bananas, please!",,0.0
84886454513,die Bank,Die Bank schlieÃÂÃÂt schon um vier Uhr.,bank,The bank closes at 4 pm already.,,0.0
84886454514,die Bank,Er sitzt im Park auf einer Bank und liest.,bench,HeÃÂÃÂs sits in the park on a bench and reads.,,0.0
84886454515,bar,Muss ich bar zahlen oder gehtÃÂÃÂs auch mit Karte?,cash,"Do I have to pay in cash, or can I also pay by card?",,0.0
84886454516,der Bauch,Seit gestern tut mir der Bauch weh.,stomach,My stomach has been hurting since yesterday.,,0.0
84886454517,"der Baum, -ÃÂÃÂ¤, e","Vorsicht, fahr nicht an den Baum!",tree,"Careful, donÃÂÃÂt drive into the tree!",,0.0
84886454518,"der Beamte, -n",Fragen Sie die Beamtin an Schalter acht!,official,Ask the official at counter eight!,,0.0
84886454519,bedeuten,Was bedeutet das Wort?,to mean,What does that word mean?,,0.0
84886454520,beginnen,Das Spiel beginnt um 15.30 Uhr.,to begin,The game begins at 3:30 pm.,,0.0
84886454521,bei,Offenbach liegt bei Frankfurt.,next to,Offenbach is next to Frankfurt.,,0.0
84886454522,bei,Ich wohne bei meinen Eltern.,at,I live at my parentsÃÂÃÂ place.,,0.0
84886454523,bei uns,Bei uns regnet es heute.,here / where we are,It is raining here today.,bei uns = set phrase,0.0
84886454524,bei,Er arbeitet bei der Polizei.,for,He works for the police.,,0.0
84886454525,beide,Beide Eltern arbeiten.,both,Both parents work.,,0.0
84886454526,beide,Wir kommen beide.,both,We are both coming.,,0.0
84886454527,"das Bein, -e",Mein rechtes Bein tut weh.,leg,My right leg hurts.,,0.0
84886454528,"das Beispiel, -e",Kannst du mir ein Beispiel sagen?,example,Can you give me an example?,,0.0
84886454529,zum Beispiel/z. B.,"Viele meiner Verwandten, z. B. meine beiden BrÃÂÃÂ¼der, arbeiten auch hier.",for example,"Many of my relatives, for example, both of my brothers, also work here.",,0.0
84886454530,bekannt,Picasso ist sehr bekannt.,well known,Picasso is very well known.,,0.0
84886454531,"der/die Bekannte, -n",Ein Bekannter von mir heiÃÂÃÂt Klaus.,acquaintance,An acquaintance of mine is called Klaus.,,0.0
84886454532,bekommen,Haben Sie meinen Brief bekommen?,to receive,Did you receive my letter?,,0.0
84886454533,bekommen,Was bekommen Sie?,to have,What will you have?,for food and drink,0.0
84886454534,bekommen,Dieses Medikament bekommen Sie in der Apotheke.,to get,You can get this medicine in a pharmacy.,,0.0
84886454535,benutzen,Die AufzÃÂÃÂ¼ge bitte nicht benutzen!,to use,Please donÃÂÃÂt use the lifts!,,0.0
84886454536,"der Beruf, -e",Was sind Sie von Beruf?,profession,What is your profession?,,0.0
84886454537,"der Beruf, -e",Was ist Ihr Beruf?,occupation,What is your occupation?,,0.0
84886454538,besetzt,Die Nummer ist immer besetzt.,busy,The number is always busy.,,0.0
84886454539,besetzt,Der Platz ist besetzt.,taken,The seat is taken.,,0.0
84886454540,besichtigen,Ich mÃÂÃÂ¶chte gern den Dom besichtigen.,to visit,I would like to visit the cathedral.,,0.0
84886454541,besser,Es geht mir schon besser.,better,I'm already feeling better.,,0.0
84886454542,best-,Am besten treffen wir uns morgen.,best,It's best that we meet tomorrow.,,0.0
84886454543,bestellen,"Wir mÃÂÃÂ¶chten bestellen, bitte.",to order,"We would like to order, please.",,0.0
84886454544,bestellen,Dieses Buch haben wir nicht ÃÂÃÂ sollen wir es fÃÂÃÂ¼r Sie bestellen?,to order,"We donÃÂÃÂt have this book, should we order it for you?",,0.0
84886454545,besuchen,Darf ich dich besuchen?,to visit,May I visit you?,,0.0
84886454546,"das Bett, -en",Wir brauchen noch ein Kinderbett.,bed,We need another childrenÃÂÃÂs bed.,,0.0
84886454547,bezahlen,Wo muss ich bezahlen?,to pay,Where do I need to pay?,,0.0
84886454548,das Bier,Noch ein Bier bitte.,beer,"Another beer, please.",,0.0
84886454549,"das Bild, -er",Hast du ein Bild von deinem Sohn?,picture,Do you have a picture of your son?,,0.0
84886454550,billig,Die Jacke kostet nur 10 Euro! Die ist aber billig!,cheap,The jacket only costs 10 euros! ThatÃÂÃÂs cheap!,,0.0
84886454551,"die Birne, -n","Ein Kilo Birnen, bitte!",pear,"One kilogram of pears, please!",,0.0
84886454552,bis,Ich fahre nur bis Stuttgart.,to (as far as),IÃÂÃÂm only travelling to Stuttgart.,,0.0
84886454553,bis,Ich warte bis morgen.,until,I will wait until tomorrow.,,0.0
84886454554,bisschen,"Ich spreche Englisch, FranzÃÂÃÂ¶sisch und ein bisschen Deutsch.",(a) little,"I speak English, French, and a little German.",,0.0
84886454555,bitte,"Eine Tasse Kaffee, bitte!",please,"A cup of coffee, please!",,0.0
84886454556,bitte,Sprechen Sie bitte leise!,please,Please speak softly!,,0.0
84886454557,"die Bitte, -n",Ich habe noch eine Bitte.,request,I have one more request.,,0.0
84886454558,bitten,Darf ich Sie um etwas bitten?,to ask,May I ask something of you?,,0.0
84886454559,bitter,Der Kaffee schmeckt bitter.,bitter,The coffee tastes bitter.,,0.0
84886454560,bleiben,Ich bleibe heute zu Hause.,to stay,I'm staying home today.,,0.0
84886454561,bleiben,Wir bleiben nur bis morgen.,to stay,We are only staying until tomorrow.,,0.0
84886454562,"der Bleistift, -e",Hast du einen Bleistift?,pencil,Do you have a pencil?,,0.0
84886454563,der Blick,Von diesem Hotel hat man einen guten Blick auf den Rhein.,view,From this hotel you have a good view of the Rhine.,,0.0
84886454564,"die Blume, -n",Gefallen dir die Blumen?,flower,Do you like the flowers?,,0.0
84886454565,der Bogen,Schreiben Sie Ihre LÃÂÃÂ¶sungen bitte auf den Antwortbogen.,sheet,Write your solutions on the answer sheet.,,0.0
84886454566,bÃÂÃÂ¶se,Sie ist bÃÂÃÂ¶se auf mich.,angry,She is angry with me.,,0.0
84886454567,brauchen,Brauchst du die Zeitung noch?,to need,Do you still need the newspaper?,,0.0
84886454568,breit,Wie breit ist der Schrank?,wide,How wide is the cupboard?,,0.0
84886454569,"der Brief, -e",Haben Sie einen Brief fÃÂÃÂ¼r mich?,letter,Do you have a letter for me?,,0.0
84886454570,"die Briefmarke, -n",Kaufst du bitte Briefmarken bei der Post.,(postage) stamp,Could you please buy stamps at the post office.,,0.0
84886454571,bringen,Bringen Sie mir bitte noch einen Kaffee!,to bring,Please bring me another coffee!,,0.0
84886454572,bringen,Wir mÃÂÃÂ¼ssen ihn zum Arzt bringen.,to take,We need to take him to the doctor.,,1.0
84886454573,"das Brot, -e",Haben Sie auch WeiÃÂÃÂbrot?,bread,"Do you have white bread, too?",,0.0
84886454574,"das Brot, -e",Nimm noch ein paar Brote fÃÂÃÂ¼r die Fahrt mit.,bread roll,Take another couple of bread rolls for the journey.,,0.0
84886454575,"das BrÃÂÃÂ¶tchen, ÃÂÃÂ",MÃÂÃÂ¶chtest du BrÃÂÃÂ¶tchen zum FrÃÂÃÂ¼hstÃÂÃÂ¼ck?,bread roll,Would you like bread rolls for breakfast?,,0.0
84886454576,"der Bruder, -ÃÂÃÂ¼",Sein Bruder arbeitet auch hier.,brother,His brother also works here.,,0.0
84886454577,"das Buch, -ÃÂÃÂ¼, er",Gute BÃÂÃÂ¼cher sind oft sehr teuer.,book,Good books are often very expensive.,,0.0
84886454578,"das WÃÂÃÂ¶rterbuch, -ÃÂÃÂ¼, er",In diesem WÃÂÃÂ¶rterbuch finden Sie mehr als 20.000 WÃÂÃÂ¶rter.,dictionary,"You will find more than 20,000 words in this dictionary.",,0.0
84886454579,"der Buchstabe, -n",Diesen Buchstaben gibt es in meiner Sprache nicht.,letter (character),We don't have this letter in my language.,,0.0
84886454580,buchstabieren,Bitte buchstabieren Sie Ihren Namen.,to spell,Please spell your name.,,0.0
84886454581,"der Bus, -se",Wann kommt der nÃÂÃÂ¤chste Bus?,bus,When does the next bus arrive?,,0.0
84886454582,die Butter,FÃÂÃÂ¼r mich bitte ein BrÃÂÃÂ¶tchen mit Butter und KÃÂÃÂ¤se.,butter,"A bread roll with butter and cheese for me, please.",,0.0
84886454583,"das CafÃÂÃÂ©, -s",Sollen wir uns im CafÃÂÃÂ© treffen?,cafe,Should we meet at the cafe?,,0.0
84886454584,"die CD, -s",Bring bitte deine Lieblings-CD mit.,CD,Please bring your favourite CD with you.,,1.0
84886454585,der Chef,Wir haben eine neue Chefin.,boss,We have a new boss.,,0.0
84886454586,circa/ca.,Von Mainz nach Frankfurt sind es circa fÃÂÃÂ¼nfzig Kilometer.,approximately,From Mainz to Frankfurt it is approximately 50 kilometres.,,0.0
84886454587,"der Computer, ÃÂÃÂ",Wann bekommst du deinen neuen Computer?,computer,When are you getting your new computer?,,0.0
84886454588,da,Da hinten ist er ja.,there,HeÃÂÃÂs back there.,,0.0
84886454589,da,Wir sprechen gerade ÃÂÃÂ¼ber Paul. Da kommt er ja gerade.,here,We are talking about Paul. Here he comes now.,,0.0
84886454590,da,Ich nehme das da.,there,IÃÂÃÂll take that there.,,0.0
84886454591,da,Ist Herr Klein schon da?,here,Is Mr Klein already here?,,0.0
84886454592,"die Dame, -n",Damen (an der Toilette),lady,Ladies (toilet sign),,0.0
84886454593,"die Dame, -n",Sehr geehrte Damen und Herren!,lady,Ladies and gentlemen!,,0.0
84886454594,daneben,Du kennst doch die Post. Daneben ist die Bank.,next to it,You do know the post office. The bank is next to it.,,1.0
84886454595,danken,Ich danke Ihnen fÃÂÃÂ¼r die Einladung.,to thank,I thank you for the invitation.,,0.0
84886454596,der Dank,Vielen Dank!,thanks,Many thanks!,,0.0
84886454597,der Dank,Herzlichen Dank!,thanks,Thank you very much!,,0.0
84886454598,danke,"Soll ich Ihnen helfen? / Nein, danke!",thank you,Can I help you? / No thank you!,,0.0
84886454599,dann,"Ich muss noch schnell zur Post, dann komme ich.",then (afterwards),"I still need to pop to the post office, then IÃÂÃÂll come.",,0.0
84886454600,das Datum,Bitte schreiben Sie noch das Datum auf das Formular.,date,Please write the date on the form.,,0.0
84886454601,dauern,Wie lange dauert der Film?,to take (duration),How long is the film?,,0.0
84886454602,dein-,Ist das dein Auto?,your,Is that your car?,,0.0
84886454603,dein-,Ist das deins?,yourself,Is that yours?,,0.0
84886454604,denn,"Ich kann nicht kommen, denn ich bin krank.",because,I canÃÂÃÂt come because IÃÂÃÂm ill.,,0.0
84886454605,das,Ich nehme das da.,that,IÃÂÃÂll take that there.,,0.0
84886454606,das,Ich mag das Buch.,the,I like the book.,,0.0
84886454607,der,"Hier ist der Brief, den du suchst.",the,Here is the letter that youÃÂÃÂre looking for.,,0.0
84886454608,die,Die Fahrkarte bekommst du am Bahnhof.,the,You will get the ticket at the train station.,,0.0
84886454609,dich,Die Blumen sind fÃÂÃÂ¼r dich.,you,The flowers are for you.,,0.0
84886454610,dies-,Ich nehme lieber diesen Kuchen.,this,IÃÂÃÂd prefer to have this cake.,,0.0
84886454611,dir,Gefallen dir die Blumen?,you,Do you like the flowers?,,0.0
84886454612,die Disco,Heute abend gehen wir in die Disco tanzen.,disco,This evening weÃÂÃÂre going dancing in the disco.,,0.0
84886454613,der Doktor,Meine Tochter ist krank. Wir gehen zum Doktor.,doctor,My daughter is sick. We are going to the doctor.,,0.0
84886454614,das Doppelzimmer,Wollen Sie ein Doppelzimmer oder ein Einzelzimmer?,double room,Would you like a double room or a single room?,,0.0
84886454615,"das Dorf, -ÃÂÃÂ¶, er",Meine Familie lebt in einem Dorf.,village,My family lives in a village.,,0.0
84886454616,dort,Dort ist mein Zimmer.,there,There's my room.,,0.0
84886454617,dorthin,Deine Tasche kannst du dorthin stellen.,"there (to that place, in that direction)",You can put your bag there.,,0.0
84886454618,dorther,Er kommt gerade dorther.,from there,He's just coming from there.,,0.0
84886454619,drauÃÂÃÂen,Wollen wir drauÃÂÃÂen sitzen?,outside,Shall we sit outside?,lit. ÃÂÃÂdo we want toÃÂÃÂÃÂÃÂ,0.0
84886454620,drucken,Bitte drucke das Formular fÃÂÃÂ¼r mich.,to print,Please print the form for me.,,0.0
84886454621,"der Drucker, ÃÂÃÂ",Mein Drucker ist kaputt.,printer,My printer is broken.,,0.0
84886454622,drÃÂÃÂ¼cken,"DrÃÂÃÂ¼ck hier, dann geht der Computer an.",to press,"Press here, then the computer turns on.",,0.0
84886454623,durch,Am besten gehen Sie durch die Breite StraÃÂÃÂe.,through,It's best to go through Breite StraÃÂÃÂe.,,0.0
84886454624,"die Durchsage, -n",Ich habe die Durchsage nicht verstanden.,announcement,I didnÃÂÃÂt understand the announcement.,,0.0
84886454625,dÃÂÃÂ¼rfen,Sie dÃÂÃÂ¼rfen hier nicht rauchen.,to be allowed,You are not allowed to smoke here.,,0.0
84886454626,dÃÂÃÂ¼rfen,Darf ich Sie zu einem Kaffee einladen?,to be allowed,May I invite you for a coffee?,,0.0
84886454627,dÃÂÃÂ¼rfen,Es darf nicht mehr als 15 Euro kosten.,to be allowed,It may not cost more than 15 euros.,,0.0
84886454628,der Durst,Hast du etwas zu trinken? Ich habe groÃÂÃÂen Durst.,thirst,Do you have anything to drink? IÃÂÃÂm very thirsty.,,0.0
84886454629,(sich) duschen,"Ich bade nicht so gern, ich dusche lieber.",to shower,"I donÃÂÃÂt like bathing so much, I prefer to shower.",,0.0
84886454630,die Dusche,Unsere Wohnung hat nur eine Dusche.,shower,Our flat only has a shower.,,0.0
84886454631,"die Ecke, -n",An der nÃÂÃÂ¤chsten Ecke links.,corner,Left at the next corner.,,0.0
84886454632,"die Ehefrau, -en/",Das ist meine (Ehe-) Frau.,wife,That is my wife.,,0.0
84886454633,"der Ehemann, ÃÂÃÂ¤, er",Das ist mein (Ehe-) Mann.,husband,That is my husband.,,0.0
84886454634,"das Ei, -er",MÃÂÃÂ¶chtest du ein Ei zum FrÃÂÃÂ¼hstÃÂÃÂ¼ck?,egg,Would you like an egg for breakfast?,,0.0
84886454635,eilig,Hast du es eilig?,ÃÂÃÂ,Are you in a hurry?,es eilig haben = to be in a rush/hurry,0.0
84886454636,ein-,Ich nehme ein Bier. Willst du auch eins?,one / a,"IÃÂÃÂll have a beer. Do you want one, too?",,0.0
84886454637,ein-,"Ist hier einer, der das kann?",someone,Is there someone here who can do that?,alt: ÃÂÃÂIst hier jemandÃÂÃÂÃÂÃÂ,0.0
84886454638,einfach,Die PrÃÂÃÂ¼fung ist ganz einfach.,simple,The test is very simple.,,0.0
84886454639,einfach,"Hin und zurÃÂÃÂ¼ck? / Nein, bitte nur einfach.",a single (ticket),"Return? / No, just a single, please.",,0.0
84886454640,einfach,Ich brauche nur ein einfaches Zimmer.,simple,I just need a simple room.,,0.0
84886454641,der Eingang,Der Eingang ist um die Ecke.,entrance,The entrance is round the corner.,,0.0
84886454642,einkaufen,Ich muss noch fÃÂÃÂ¼r morgen einkaufen.,to go shopping,I still need to go shopping for tomorrow.,,0.0
84886454643,einladen,Darf ich Sie zu einem Kaffee einladen?,to invite / treat,May I treat you to a coffee?,,0.0
84886454644,die Einladung,Danke fÃÂÃÂ¼r die Einladung!,invitation,Thank you for the invitation!,,0.0
84886454645,noch einmal,Diese PrÃÂÃÂ¼fung mache ich nicht noch einmal.,again,I will not take this exam again.,,0.0
84886454646,einmal,Sie dÃÂÃÂ¼rfen diese PrÃÂÃÂ¼fung nur einmal machen.,once,You may only take this exam once.,,0.0
84886454647,einsteigen,"Schnell, steig ein, der Zug fÃÂÃÂ¤hrt gleich.",to get on (board),"Quick, get on, the train is about to leave!",,0.0
84886454648,der Eintritt,Der Preis fÃÂÃÂ¼r den Eintritt ist 5 Euro.,entry,The price for entry is 5 euros.,,0.0
84886454649,das Einzelzimmer,Haben Sie noch ein Einzelzimmer?,single room,Do you have another single room?,,0.0
84886454650,die Eltern (pl.),Meine Eltern leben in Spanien.,parents,My parents live in spain.,,0.0
84886454651,"die E-Mail, -s",Ich habe Ihre E-Mail nicht bekommen.,email,I didnÃÂÃÂt receive your email.,,0.0
84886454652,"der EmpfÃÂÃÂ¤nger, ÃÂÃÂ","Auf dem Brief steht dein Name, also bist du der EmpfÃÂÃÂ¤nger.",recipient,"Your name is on the letter, therefore you are the recipient.",,0.0
84886454653,empfehlen,Welchen Wein kÃÂÃÂ¶nnen Sie mir empfehlen?,to recommend,Which wine can you recommend to me?,,0.0
84886454654,enden,Die StraÃÂÃÂe endet hier.,to end,The street ends here.,,0.0
84886454655,das Ende,Sie wohnt am Ende der StraÃÂÃÂe.,end,She lives at the end of the street.,,0.0
84886454656,das Ende,Er bekommt sein Geld am Ende des Monats.,end,He gets his money at the end of the month.,,0.0
84886454657,entschuldigen,Entschuldigen Sie bitte!,to excuse,"Excuse me, please!",,0.0
84886454658,die Entschuldigung,Entschuldigung! / Bitte.,ÃÂÃÂ,Excuse me! / Sure.,,0.0
84886454659,er,Er heiÃÂÃÂt Ali.,he,HeÃÂÃÂs called Ali.,,0.0
84886454660,"das Ergebnis, -se",Das Ergebnis des Tests bekommen Sie in zwei Wochen.,result,You will receive the test results in two weeks.,,0.0
84886454661,erklÃÂÃÂ¤ren,Kannst du mir das erklÃÂÃÂ¤ren?,to explain,Can you explain that to me?,,0.0
84886454662,erlauben,Rauchen ist hier nicht erlaubt.,allow,Smoking is not allowed here.,,0.0
84886454663,"der Erwachsene, -n",Dieser Film ist nur fÃÂÃÂ¼r Erwachsene.,adult,This film is for adults only.,,0.0
84886454664,erzÃÂÃÂ¤hlen,Wir mÃÂÃÂ¼ssen euch etwas erzÃÂÃÂ¤hlen!,to tell,We need to tell you something!,,0.0
84886454665,es,Es regnet.,it,ItÃÂÃÂs raining.,,0.0
84886454666,essen,Was gibt es zu essen?,to eat,What is there to eat?,,0.0
84886454667,das Essen,Das Essen ist heute sehr gut.,food,The food is very good today.,,0.0
84886454668,euer,Euer Kurs beginnt heute.,your [pl.],Your course begins today.,,0.0
84886454669,fahren,Ich fahre mit dem Auto zur Arbeit.,to travel,I go to work by car.,,0.0
84886454670,der Fahrer,Bitte nicht mit dem Fahrer sprechen!,driver,Please do not speak to the driver!,,1.0
84886454671,"die Fahrkarte, -n",Hast du schon eine Fahrkarte?,(transport) ticket,Do you already have a ticket?,,0.0
84886454672,"das Fahrrad, -ÃÂÃÂ¤, er",FÃÂÃÂ¤hrst du mit dem Fahrrad oder mit dem Auto?,bicycle,Do you travel by bike or by car?,,0.0
84886454673,falsch,Das ist falsch.,wrong / incorrect,That is wrong.,,0.0
84886454674,"die Familie, -n",Meine Familie lebt in Spanien.,family,My family lives in Spain.,,0.0
84886454675,der Familienname,Meine Familiennamen sind GarcÃÂÃÂ­a GonzÃÂÃÂ¡lez.,surname,My surname is GarcÃÂÃÂ­a GonzÃÂÃÂ¡lez.,,0.0
84886454676,der Familienstand,Bei ÃÂÃÂFamilienstandÃÂÃÂ musst du ÃÂÃÂledigÃÂÃÂ ankreuzen.,family/marital status,Under ÃÂÃÂfamily statusÃÂÃÂ you have to tick ÃÂÃÂsingleÃÂÃÂ.,,0.0
84886454677,"die Farbe, -n",Die Farbe gefÃÂÃÂ¤llt mir gut.,colour,I like the colour.,,0.0
84886454678,"das Fax, -e",Schicken Sie uns einfach ein Fax!,fax,Just send us a fax!,,0.0
84886454679,der Feierabend,Wir machen jetzt Feierabend.,ÃÂÃÂ,We are calling it a day now. / We are finishing work for the day now.,Feierabend machen = set phrase for the end of work/home time,0.0
84886454680,der Feiertag,Am Montag ist Feiertag.,bank holiday,Monday is a bank holiday.,,0.0
84886454681,feiern,Wir feiern heute meinen Geburtstag.,to celebrate,Today we are celebrating my birthday.,,0.0
84886454682,fehlen,"Herr MÃÂÃÂ¼ller ist nicht da, er fehlt schon seit drei Tagen.",to be absent,"Mr MÃÂÃÂ¼ller is not here, heÃÂÃÂs been absent for three days.",,0.0
84886454683,fehlen,Was fehlt Ihnen?,to be missing,What are you missing?,,0.0
84886454684,"der Fehler, ÃÂÃÂ",Diesen Fehler mache ich immer.,mistake,I always make this mistake.,,0.0
84886454685,fernsehen,Wollen wir heute Abend mal fernsehen?,to watch TV,Shall we watch TV this evening?,lit. ÃÂÃÂdo we want toÃÂÃÂÃÂÃÂ,0.0
84886454686,fertig,Bist du fertig?,finished / ready / done,Are you done?,,0.0
84886454687,fertig,Ist mein Auto schon fertig?,finished / ready / done,Is my car already finished?,,0.0
84886454688,das Feuer,Haben Sie Feuer?,fire / lighter,Do you have a light?,,0.0
84886454689,das Fieber,Mein Mann hat noch immer Fieber.,fever,My husband still has a fever.,,0.0
84886454690,"der Film, -e",Ich mÃÂÃÂ¶chte gern diesen Film sehen.,film,I would like to see this film.,,0.0
84886454691,finden,Wir mÃÂÃÂ¼ssen den SchlÃÂÃÂ¼ssel finden.,to find,We must find the key.,,0.0
84886454692,die Firma,Er arbeitet jetzt bei einer anderen Firma.,company,He works for another company now.,,0.0
84886454693,"der Fisch, -e",Ich esse gern Fisch. Fleisch mag ich nicht.,fish,I like to eat fish. I donÃÂÃÂt like meat.,,0.0
84886454694,"die Flasche, -n","Eine Flasche Bier, bitte.",bottle,"A bottle of beer, please.",,0.0
84886454695,das Fleisch,Fleisch mag ich nicht.,meat,I donÃÂÃÂt like meat.,,0.0
84886454696,fliegen,Ich fliege nicht gern. Deshalb fahre ich mit dem Zug.,to fly,I donÃÂÃÂt like to fly. That's why I travel by train.,,0.0
84886454697,abfliegen,Wann fliegst du ab?,to depart (by air),When do you depart?,,0.0
84886454698,der Abflug,Der Abflug ist um 11.20 Uhr.,(flight) departure,Departure is at 11:20 am.,,0.0
84886454699,der Flughafen,Kannst du mich zum Flughafen bringen?,airport,Can you take me to the airport?,,0.0
84886454700,das Flugzeug,Das Flugzeug aus Berlin kommt heute spÃÂÃÂ¤ter an.,aeroplane,The plane from Berlin will arrive later today.,,0.0
84886454701,"das Formular, -e",Sie mÃÂÃÂ¼ssen dieses Formular ausfÃÂÃÂ¼llen.,form,You must fill out this form.,,0.0
84886454702,"das Foto, -s",Darf ich ein Foto machen?,photograph,May I take a photo?,,0.0
84886454703,fragen,Er mÃÂÃÂ¶chte Sie etwas fragen. Wann kommen Sie?,to ask,He wants to ask you something. When are you coming?,,0.0
84886454704,"die Frage, -n",Ich habe eine Frage.,question,I have a question.,,0.0
84886454705,die Frau,Das ist Frau Becker.,Ms,That is Ms Becker.,,0.0
84886454706,die Frau,Die Frau da drÃÂÃÂ¼ben ist Eva Schmitt.,woman,The woman over there is Eva Schmitt.,,0.0
84886454707,die Frauen,Hier arbeiten mehr Frauen als MÃÂÃÂ¤nner.,women,More women work here than men.,,0.0
84886454708,frei,Ist der Platz noch frei?,free,Is this seat still free?,,0.0
84886454709,die Freizeit,In meiner Freizeit spiele ich oft FuÃÂÃÂball.,free time,I often play football in my free time.,,0.0
84886454710,fremd,"Das weiÃÂÃÂ ich nicht, ich bin fremd hier.",foreign,"I donÃÂÃÂt know, IÃÂÃÂm not from here.",,0.0
84886454711,(sich) freuen,Ich freue mich auf den Urlaub.,to look forward,IÃÂÃÂm looking forward to the holiday.,,0.0
84886454712,"der Freund, -e",Das ist ein Freund von mir.,friend,That is a friend of mine.,,0.0
84886454713,die Freundin,Das ist meine Freundin.,friend / girlfriend,That is my friend/girlfriend.,context differentiates between friend/girlfriend,0.0
84886454714,frÃÂÃÂ¼her,FrÃÂÃÂ¼her waren wir oft zusammen im Kino.,earlier / in the past,In the past we often went to the cinema together.,,0.0
84886454715,frÃÂÃÂ¼hstÃÂÃÂ¼cken,Am Sonntag frÃÂÃÂ¼hstÃÂÃÂ¼cke ich gern im Bett.,to have breakfast,On Sunday I like to have breakfast in bed.,,0.0
84886454716,das FrÃÂÃÂ¼hstÃÂÃÂ¼ck,MÃÂÃÂ¶chtest du ein Ei zum FrÃÂÃÂ¼hstÃÂÃÂ¼ck?,breakfast,Would you like an egg for breakfast?,,0.0
84886454717,die FÃÂÃÂ¼hrung,Die FÃÂÃÂ¼hrung durch das Haus beginnt in 3 Minuten.,tour,The tour of the house begins in 3 minutes.,,0.0
84886454718,fÃÂÃÂ¼r,Das ist fÃÂÃÂ¼r Sie.,for,That's for you.,,0.0
84886454719,fÃÂÃÂ¼r,Das ist der SchlÃÂÃÂ¼ssel fÃÂÃÂ¼r die HaustÃÂÃÂ¼r.,for,That's the key for the front door.,,0.0
84886454720,fÃÂÃÂ¼r,Das ist das Brot fÃÂÃÂ¼r morgen.,for,That's the bread for tomorrow.,,0.0
84886454721,"der FuÃÂÃÂ, -ÃÂÃÂ¼, e",Der linke FuÃÂÃÂ tut mir weh.,foot,My left foot hurts.,,0.0
84886454722,der FuÃÂÃÂball,Spielt ihr gerne FuÃÂÃÂball?,football,Do you like playing football?,,0.0
84886454723,der Garten,Wir haben leider keinen Garten.,garden,Unfortunately we don't have a garden.,,0.0
84886454724,"der Gast, -ÃÂÃÂ¤, e",Am Wochenende haben wir mehrere GÃÂÃÂ¤ste.,guest,At the weekend we have several guests.,,0.0
84886454725,geben,Kannst du mir bitte deinen Kugelschreiber geben?,to give,"Can you give me your pen, please?",,0.0
84886454726,es gibt,Es gibt keine Karten mehr.,there is/are,There are no more tickets.,,0.0
84886454727,geboren,Ich bin in Zagreb geboren.,born,I was born in Zagreb.,,0.0
84886454728,das Geburtsjahr,"Das Geburtsjahr Ihres Sohnes, bitte?",birth year,"Your son's year of birth, please?",,0.0
84886454729,der Geburtsort,Bitte schreiben Sie Ihren Geburtsort auf das Formular.,birthplace,Please write your birthplace on the form.,,0.0
84886454730,der Geburtstag,Herzlichen GlÃÂÃÂ¼ckwunsch zum Geburtstag!,birthday,Best wishes on your birthday!,"or simply ""Happy birthday!""",0.0
84886454731,gefallen,Das gefÃÂÃÂ¤llt mir.,to like,I like that.,,0.0
84886454732,gegen,Fahr nicht gegen den Baum!,into,DonÃÂÃÂt drive into the tree!,,0.0
84886454733,gegen,Ich bin gegen diese LÃÂÃÂ¶sung.,against,I am against this solution.,,0.0
84886454734,gegen,Wer spielt gegen wen?,against,Who is playing against whom?,,0.0
84886454735,gehen,"Ich weiÃÂÃÂ nicht, wie das geht.",to work/function,I donÃÂÃÂt know how it works./I don't know how to do that.,,0.0
84886454736,gehen,Wie geht's?,to go,How is it going?,,0.0
84886454737,gehen,Jetzt muss ich (aber) leider gehen.,to go,Unfortunately I need to go now.,,0.0
84886454738,gehen,Ich muss zum Arzt gehen.,to go,I need to go to the doctor.,,0.0
84886454739,gehen,Das geht nicht!,to be okay,ThatÃÂÃÂs not okay!,,0.0
84886454740,gehÃÂÃÂ¶ren,Wem gehÃÂÃÂ¶rt das?,to belong,To whom does that belong?,,0.0
84886454741,das Geld,Hast du noch Geld?,money,Do you still have money?,,0.0
84886454742,das GemÃÂÃÂ¼se,GemÃÂÃÂ¼se brauchen wir auch noch.,vegetables,We also need vegetables.,,0.0
84886454743,das GepÃÂÃÂ¤ck,Wollen Sie Ihr GepÃÂÃÂ¤ck mitnehmen?,luggage,Do you want to take your luggage with you?,,0.0
84886454744,gerade,Da kommt er ja gerade.,now,There he comes now.,,0.0
84886454745,geradeaus,Gehen Sie immer geradeaus!,straight on,Keep going straight on!,,0.0
84886454746,gern(e),Ich gehe gerne einkaufen.,ÃÂÃÂ,I like to go shopping.,etwas gern tun = to like doing something,0.0
84886454747,"das GeschÃÂÃÂ¤ft, -e",Die GeschÃÂÃÂ¤fte schlieÃÂÃÂen um 18.30 Uhr.,shop,The shops close at 6:30 pm.,,0.0
84886454748,"das Geschenk, -e",Danke fÃÂÃÂ¼r das schÃÂÃÂ¶ne Geschenk.,present,Thank you for the beautiful present.,,0.0
84886454749,die Geschwister (pl.),Ich habe leider keine Geschwister.,sibling,Unfortunately I have no siblings.,,0.0
84886454750,"das GesprÃÂÃÂ¤ch, -e",Das GesprÃÂÃÂ¤ch mit Frau Kunz ist um 14 Uhr.,conversation/talk/call,The conversation with Ms Kunz is at 2 pm.,,0.0
84886454751,gestern,Gestern war ich krank.,yesterday,Yesterday I was ill.,,0.0
84886454752,gestorben,Meine Frau ist gestern gestorben.,died,My wife died yesterday.,,0.0
84886454753,"das GetrÃÂÃÂ¤nk, -e",Mein LieblingsgetrÃÂÃÂ¤nk ist Tomatensaft.,drink,My favourite drink is tomato juice.,,0.0
84886454754,das Gewicht,Bei ÃÂÃÂGewichtÃÂÃÂ schreibst du: 62 Kilo.,weight,"For ÃÂÃÂweightÃÂÃÂ, write 62 kg.",,0.0
84886454755,gewinnen,Wer gewinnt das Spiel?,to win,Who is winning the game?,,0.0
84886454756,"das Glas, -ÃÂÃÂ¤, er",Bitte noch ein Glas Wein!,glass,"Another glass of wine, please!",,0.0
84886454757,"das Glas, -ÃÂÃÂ¤, er",Wir brauchen noch drei GlÃÂÃÂ¤ser.,glasses,We need three more glasses.,,0.0
84886454758,glauben,"Sie kÃÂÃÂ¶nnen mir glauben, es ist so.",to believe,"You can believe me, itÃÂÃÂs true.",,0.0
84886454759,glauben,"Ich glaube, er kommt gleich.",to think,I think heÃÂÃÂll be here in a moment.,,0.0
84886454760,gleich,Das ist mir gleich.,same,ItÃÂÃÂs all the same to me.,,0.0
84886454761,gleich,Das ist der gleiche Preis.,same,That is the same price.,,0.0
84886454762,gleich,Ich komme gleich.,now,IÃÂÃÂll be right there.,,0.0
84886454763,"das Gleis, -e",Der ICE nach Berlin hÃÂÃÂ¤lt heute an Gleis 12.,platform,The ICE to Berlin is stopping on platform 12 today.,,0.0
84886454764,das GlÃÂÃÂ¼ck,Viel GlÃÂÃÂ¼ck!,luck,Good luck!,,0.0
84886454765,glÃÂÃÂ¼cklich,Meine Kinder sind glÃÂÃÂ¼cklich verheiratet.,happily,My children are happily married.,,0.0
84886454766,der GlÃÂÃÂ¼ckwunsch,Herzlichen GlÃÂÃÂ¼ckwunsch zum Geburtstag.,congratulations,Best wishes on your birthday!,,0.0
84886454767,Grad (Celsius),Heute haben wir dreiÃÂÃÂig Grad.,degrees,Today it is thirty degrees.,,0.0
84886454768,gratulieren,Ich gratuliere dir!,to congratulate,I congratulate you!,,0.0
84886454769,grillen,Heute grillen wir im Garten.,to (have a) barbecue,Today we are having a barbecue in the garden.,,0.0
84886454770,groÃÂÃÂ,Mein Bruder und ich sind gleich groÃÂÃÂ.,tall,My brother and I are the same height.,,0.0
84886454771,groÃÂÃÂ,Frankfurt ist eine groÃÂÃÂe Stadt.,large,Frankfurt is a large town.,,0.0
84886454772,die GrÃÂÃÂ¶ÃÂÃÂe,Haben Sie das auch in GrÃÂÃÂ¶ÃÂÃÂe 40?,size,Do you also have that in size 40?,,0.0
84886454773,die GroÃÂÃÂeltern (pl.),Meine GroÃÂÃÂeltern leben in Japan.,grandparents,My grandparents live in Japan.,,0.0
84886454774,die GroÃÂÃÂmutter,Meine GroÃÂÃÂmutter heiÃÂÃÂt Eva.,grandmother,My grandmother is called Eva.,,0.0
84886454775,der GroÃÂÃÂvater,Mein GroÃÂÃÂvater ist schon 80.,grandfather,My grandfather is already 80.,,0.0
84886454776,"die Gruppe, -n",Die erste Gruppe beginnt um 16 Uhr.,group,The first group begins at 4 pm.,,0.0
84886454777,"der GruÃÂÃÂ, -ÃÂÃÂ¼, e",Viele GrÃÂÃÂ¼ÃÂÃÂe an Ihre Frau.,regards,Give my regards to your wife.,,0.0
84886454778,"der GruÃÂÃÂ, -ÃÂÃÂ¼, e",Mit freundlichen GrÃÂÃÂ¼ÃÂÃÂen,regards,Kind regards.,,0.0
84886454779,gÃÂÃÂ¼ltig,Der Pass ist nicht mehr gÃÂÃÂ¼ltig.,valid,The passport is no longer valid.,,0.0
84886454780,gÃÂÃÂ¼nstig,Dort gibt es gÃÂÃÂ¼nstige Angebote.,cheap,There are cheap offers there.,,0.0
84886454781,gut,Das finde ich gut.,good,I think thatÃÂÃÂs good.,,0.0
84886454782,gut,Ich komme um 13 Uhr. / Gut!,good,I will arrive at 1 pm. / Good!,,0.0
84886454783,gut,Guten Morgen!,good,Good morning!,,1.0
84886454784,gut,Ein gutes neues Jahr!,ÃÂÃÂ,Happy new year!,,0.0
84886454785,gut,Guten Appetit!,ÃÂÃÂ,Bon appetit!,,0.0
84886454786,"das Haar, -e",Sie hat lange Haare.,hair,She has long hair.,,0.0
84886454787,haben,Ich habe ein neues Auto.,to have,I have a new car.,,0.0
84886454788,"das HÃÂÃÂ¤hnchen, -",Ein HÃÂÃÂ¤hnchen mit Pommes bitte!,chicken,"Chicken with chips, please!",,0.0
84886454789,die Halbpension,MÃÂÃÂ¶chten Sie Vollpension oder Halbpension?,board (dining),Would you like full or half-board?,,0.0
84886454790,die Halle,Wir treffen uns in Halle B.,hall,We will meet in hall B.,,0.0
84886454791,hallo,Hallo Inge! Wie gehtÃÂÃÂs?,hello,Hello Inge! HowÃÂÃÂs it going?,,0.0
84886454792,halten,Dieser Zug hÃÂÃÂ¤lt nicht in RÃÂÃÂ¼desheim.,to stop,This train does not stop in RÃÂÃÂ¼desheim.,,0.0
84886454793,die Haltestelle,An der nÃÂÃÂ¤chsten Haltestelle mÃÂÃÂ¼ssen Sie aussteigen.,(public transport) stop,At the next stop you must alight.,,0.0
84886454794,"die Hand, -ÃÂÃÂ¤, e",Er gibt mir die Hand.,hand,He gives me his hand.,,0.0
84886454795,"das Handy, -s",In der Schule bitte die Handys ausmachen!,mobile telephone,Please turn off your mobile phones in school!,,1.0
84886454796,"das Haus, -ÃÂÃÂ¤, er",In welchem Haus wohnst du?,house / building,Which house do you live in?,,0.0
84886454797,"das Haus, -ÃÂÃÂ¤, er",Ich gehe jetzt nach Hause.,home,IÃÂÃÂm going home now.,,0.0
84886454798,"das Haus, -ÃÂÃÂ¤, er",Paul ist nicht zu Hause.,home,Paul is not home.,,0.0
84886454799,"die Hausaufgabe,-n",Kannst du mir bei den Hausaufgaben helfen?,homework,Can you help me with the homework?,,0.0
84886454800,"die Hausfrau, -en/","Die Hausfrau wÃÂÃÂ¤scht, kocht und kauft ein.",housewife,"The housewife washes, cooks, and goes shopping.",,0.0
84886454801,der Hausmann,"Der Hausmann wÃÂÃÂ¤scht, kocht und kauft ein.",househusband,"The househusband washes, cooks, and goes shopping.",,0.0
84886454802,die Heimat,Ich komme aus der Schweiz. Das ist meine Heimat.,home,I come from Switzerland. ItÃÂÃÂs my home.,,0.0
84886454803,heiraten,Meine Schwester heiratet einen Japaner.,to marry,My sister is marrying a Japanese man.,,0.0
84886454804,heiÃÂÃÂen,Ich heiÃÂÃÂe Charlotte Meier.,to be called,IÃÂÃÂm called Charlotte Meier.,,0.0
84886454805,heiÃÂÃÂen,Wie heiÃÂÃÂt das auf Deutsch?,to be called,WhatÃÂÃÂs that called in German?,,0.0
84886454806,helfen,"KÃÂÃÂ¶nnen Sie mir helfen, bitte?",to help,"Can you help me, please?",,0.0
84886454807,hell,Im Sommer ist es bis 21 Uhr hell.,light,In summer it is light until 9 pm.,,0.0
84886454808,der Herd,In der neuen KÃÂÃÂ¼che fehlt noch der Herd.,stove,The stove is still missing from the new kitchen.,,0.0
84886454809,"der Herr, -en","Guten Tag, Herr Sommer!",Mister,"Good day, Mr Sommer!",,0.0
84886454810,herzlich,Herzlichen GlÃÂÃÂ¼ckwunsch!,ÃÂÃÂ,Congratulations!,,0.0
84886454811,heute,Heute ist ein schÃÂÃÂ¶ner Tag.,today,Today is a beautiful day.,,0.0
84886454812,hier,"Hier ist 06131-553221, Pamela Linke.",here,"This is 06131-553221, Pamela Linke.",,0.0
84886454813,hier,Hier wohne ich.,here,I live here.,,0.0
84886454814,die Hilfe,Hilfe! Bitte helfen Sie mir!,help,Help! Please help me!,,0.0
84886454815,die Hilfe,Brauchen Sie meine Hilfe?,help,Do you need my help?,,0.0
84886454816,hinten,Die TÃÂÃÂ¼r zum Aussteigen ist hinten.,at/in the back,The exit door is at the back.,,0.0
84886454817,"das Hobby, -s",Meine Hobbys sind Wandern und Schwimmen.,hobby,My hobbies are hiking and swimming.,,0.0
84886454818,hoch,Der Mount Everest ist 8.880 Meter hoch.,high,"Mount Everest is 8,880 metres high.",,0.0
84886454819,die Hochzeit,Zur dieser Hochzeit kommen mehr als fÃÂÃÂ¼nfzig GÃÂÃÂ¤ste.,marriage,More than fifty guests are coming to this wedding.,,0.0
84886454820,holen,Ich hole zwei Flaschen Wasser aus der KÃÂÃÂ¼che.,to fetch,IÃÂÃÂm fetching two bottles of water from the kitchen.,,0.0
84886454821,hÃÂÃÂ¶ren,HÃÂÃÂ¶r mal! Was ist das?,to listen,Listen! What is that?,,0.0
84886454822,hÃÂÃÂ¶ren,Ich habe das Lied schon mal gehÃÂÃÂ¶rt.,to hear,I have already heard that song.,,0.0
84886454823,"das Hotel, -s",Im Urlaub sind wir in einem Hotel am Meer.,hotel,On holiday we are in a hotel by the sea.,,0.0
84886454824,"der Hund, -e",Der Hund ist noch jung.,dog,The dog is still young.,,0.0
84886454825,der Hunger,Ich habe Hunger! Wann ist das Essen fertig?,hunger,IÃÂÃÂm hungry! When will the food be ready?,,0.0
84886454826,ich,Ich heiÃÂÃÂe Veronika.,I,IÃÂÃÂm called Veronika.,,0.0
84886454827,ihm/ihr,Gib ihm/ihr bitte das Buch.,him/her,Please give the book to him/her.,,0.0
84886454828,ihn,Ruf ihn bitte an.,him,"Call him, please.",,0.0
84886454829,immer,Frau Bast kommt immer zu spÃÂÃÂ¤t.,always,Ms Bast is always late.,,1.0
84886454830,in,Ich wohne in Wiesbaden.,in,I live in Wiesbaden.,,0.0
84886454831,in,Der Zug kommt in fÃÂÃÂ¼nf Minuten.,in,The train comes in five minutes.,,0.0
84886454832,in,Frau Rausch arbeitet in einem GeschÃÂÃÂ¤ft.,in,Ms Rausch works in a shop.,,0.0
84886454833,in,"Komm, wir gehen ins Kino.",to,"Come on, weÃÂÃÂre going to the cinema.",,0.0
84886454834,"die Information, -en","Wenn Sie Fragen haben, gehen Sie zur Information.",information point,"If you have questions, go to the information point.",,0.0
84886454835,"die Information, -en",Wir haben hier wichtige Informationen fÃÂÃÂ¼r Sie.,information,We have important information for you.,,0.0
84886454836,international,"Unser Deutschkurs ist international: Silvana kommt aus Italien, Conchi aus Spanien, Yin aus China ...",international,"Our German course is international: Silvana comes from Italy, Conchi from Spain, Yin from China, ÃÂÃÂ",,0.0
84886454837,das Internet,Das findest du im Internet.,internet,You will find that on the internet.,,0.0
84886454838,ja,Sind Sie Herr Watanabe? / Ja.,yes,Are you Mr Watanabe? / Yes.,,0.0
84886454839,"die Jacke, -n",Zieh dir eine Jacke an. Es ist kalt.,jacket,Put your jacket on. ItÃÂÃÂs cold.,,0.0
84886454840,jed-,Blumen kannst du in jedem Bahnhof kaufen.,every,You can buy flowers at every station.,,0.0
84886454841,jetzt,Jetzt machen wir eine Pause.,now,Now we will take a break.,,0.0
84886454842,"der Job, -s",Jenny hat einen neuen Job bei der Post.,job,Jenny has a new job at the post office.,,0.0
84886454843,"der Jugendliche, -n",Viele Jugendliche kaufen gern ein.,youth/young person,Many youths like shopping.,,0.0
84886454844,jung,Claudia ist 21. / Was? Noch so jung?,young,Claudia is 21. / What? Still so young?,,0.0
84886454845,"der Junge, -n",Ich habe zwei Kinder. Einen Jungen und ein MÃÂÃÂ¤dchen.,boy,I have two children. One boy and one girl.,,0.0
84886454846,der Kaffee,Zum FrÃÂÃÂ¼hstÃÂÃÂ¼ck trinke ich immer Kaffee.,coffee,For breakfast I always drink coffee.,,0.0
84886454847,kaputt,Das Glas war teuer. Es geht sehr leicht kaputt.,ÃÂÃÂ,The glass was expensive. It will break very easily.,kaputt gehen = to break,0.0
84886454848,kaputt,Das Glas ist kaputt.,broken,The glass is broken.,,0.0
84886454849,"die Karte, -n",Ich schreibe meinen Bekannten eine Karte aus dem Urlaub.,card,IÃÂÃÂll write my acquaintances a card from holiday.,,0.0
84886454850,"die Karte, -n",Wollen wir Karten spielen?,card,Shall we play cards?,lit. ÃÂÃÂdo we want toÃÂÃÂÃÂÃÂ,0.0
84886454851,"die Karte, -n","Ich mÃÂÃÂ¶chte auch etwas essen. Bringen Sie mir die Karte, bitte.",menu,I also want to eat something. Please bring me the menu.,,0.0
84886454852,"(Kredit)-Karte, -n",Kann ich auch mit Karte (be-) zahlen?,(credit) card,Can I also pay by card?,,0.0
84886454853,"die Kartoffel, -n",FÃÂÃÂ¼r Pommes frites braucht man Kartoffeln.,potato,For chips you need potatoes.,,0.0
84886454854,die Kasse,Zahlen Sie bitte an der Kasse.,till,Please pay at the till.,,0.0
84886454855,kaufen,Tim kauft sich ein neues Auto.,to buy,Tim buys himself a new car.,,0.0
84886454856,kein,Es gibt keine Eintrittskarten mehr.,no/none,There are no more tickets.,,0.0
84886454857,kennen,"Kennen Sie diese Frau? / Nein, leider nicht.",to know,"Do you know this woman? / No, unfortunately not.",,0.0
84886454858,kennenlernen,Wir sind neu hier. Wir mÃÂÃÂ¶chten Sie kennenlernen.,to get to know,We are new here. We would like to get to know you.,,0.0
84886454859,"das Kind, -er",Wie viele Kinder haben Sie?,child,How many children do you have?,,0.0
84886454860,der Kindergarten,Die kleine Laura geht schon in den Kindergarten.,kindergarten,Little Laura is already going to kindergarten.,,0.0
84886454861,"das Kino, -s",Wir sehen heute Abend im Kino einen schÃÂÃÂ¶nen Film.,cinema,WeÃÂÃÂre watching a lovely film this evening.,,0.0
84886454862,der Kiosk,"Am Kiosk bekommen Sie GetrÃÂÃÂ¤nke, Zigaretten und Zeitungen.",kiosk,"At the kiosk you can get drinks, cigarettes, and newspapers.",,0.0
84886454863,klar,Kommst du mit? / Klar!,of course / naturally,Are you coming with us? / Of course!,,0.0
84886454864,die Klasse,In unserer Klasse sind fÃÂÃÂ¼nfundzwanzig SchÃÂÃÂ¼ler.,class,In our class there are twenty five pupils.,,0.0
84886454865,die Klasse,Im Zug fahre ich immer 2. Klasse.,class,On the train I always travel in second class.,,0.0
84886454866,die Kleidung,"Wo finde ich Kleidung? / Jacken im ersten, Jeans im zweiten Stock.",clothes,"Where can I find clothes? / Jackets on the first floor, jeans on the second.",,1.0
84886454867,klein,Eltville ist eine kleine Stadt am Rhein.,small,Eltwille is a small town on the Rhine.,,0.0
84886454868,kochen,Herr Georgi kann gut kochen.,to cook,Mr Georgi is good at cooking.,,0.0
84886454869,"der Koffer, ÃÂÃÂ",Ist das Ihr Koffer?,suitcase,Is that your suitcase?,,0.0
84886454870,"der Kollege, -n",Wie heiÃÂÃÂt die neue Kollegin?,colleague,WhatÃÂÃÂs the new colleague called?,NB: female,0.0
84886454871,kommen,Woher kommen Sie? / Aus Frankreich.,to come,Where do you come from? / From France.,,0.0
84886454872,kommen,Kommst du mit ins Schwimmbad?,to come,Are you coming with us to the pool?,,0.0
84886454873,kÃÂÃÂ¶nnen,Ich kann Deutsch und Russisch.,to be able to,I can speak German and Russian.,,0.0
84886454874,kÃÂÃÂ¶nnen,KÃÂÃÂ¶nnen Sie mir helfen?,to be able to,Can you help me?,,0.0
84886454875,das Konto,Das Geld ÃÂÃÂ¼berweisen wir am ersten MÃÂÃÂ¤rz auf Ihr Konto.,account,We will transfer the money to your account on the first of March.,,0.0
84886454876,der Kopf,Mein Kopf tut weh!,head,My head hurts!,,0.0
84886454877,kosten,Wie viel kostet das? / 10 Euro.,to cost,How much does that cost? / 10 euros.,,0.0
84886454878,krank,"Ich kann heute nicht zur Arbeit kommen, ich bin krank und liege im Bett.",ill,"I canÃÂÃÂt come to work today, IÃÂÃÂm ill in bed.",,0.0
84886454879,kriegen,Ich kriege 15 Euro in der Stunde fÃÂÃÂ¼r meine Arbeit.,to get,I get 15 euros an hour for my work.,,0.0
84886454880,die KÃÂÃÂ¼che,Der neue Herd kommt in die KÃÂÃÂ¼che.,kitchen,The new stove goes in the kitchen.,,0.0
84886454881,der Kuchen,Ich nehme ein StÃÂÃÂ¼ck Kuchen.,cake,IÃÂÃÂll have a piece of cake.,,0.0
84886454882,der Kugelschreiber,Hast du einen Kugelschreiber fÃÂÃÂ¼r mich?,ball-point pen,Do you have a pen I can borrow?,,0.0
84886454883,der KÃÂÃÂ¼hlschrank,"Haben wir noch Milch? / Ja, im KÃÂÃÂ¼hlschrank.",fridge,"Do we still have milk? / Yes, in the fridge.",,0.0
84886454884,kulturell interessiert,Ich bin kulturell interessiert. Ich gehe oft ins Museum.,interested in culture,I am interested in culture. I often go to the museum.,,0.0
84886454885,kulturell,Die Geschichte ist kulturell wichtig.,cultural,History is culturally important.,,0.0
84886454886,sich kÃÂÃÂ¼mmern,Jede Mutter kÃÂÃÂ¼mmert sich um ihre kleinen Kinder.,to look after,Every mother looks after her little children.,,0.0
84886454887,"der Kunde, -n","Einen Moment, bitte. Ich habe eine Kundin.",customer,"One moment, please. I have a customer.",NB: female,0.0
84886454888,"der Kurs, -e",Der Deutschkurs geht bis zum Sommer.,course,The German course runs until summer.,,0.0
84886454889,kurz,Ricardo hat kurzes Haar.,short,Ricardo has short hair.,,0.0
84886454890,lachen,Die Kinder lachen viel.,to laugh,The children laugh a lot.,,0.0
84886454891,"der Laden, -ÃÂÃÂ¤",Im Buchladen kÃÂÃÂ¶nnen Sie BÃÂÃÂ¼cher kaufen.,shop,In the bookshop you can buy books.,,0.0
84886454892,"das Land, -ÃÂÃÂ¤, er",Italien ist ein schÃÂÃÂ¶nes Land.,country,Italy is a beautiful country.,,0.0
84886454893,lang,Die Jeans ist zu lang.,long,The jeans are too long.,,0.0
84886454894,lange,Wie lange fÃÂÃÂ¤hrt der Zug von Hamburg nach Berlin?,long,How long is the train journey from Hamburg to Berlin?,,0.0
84886454895,langsam,KÃÂÃÂ¶nnten Sie bitte etwas langsamer sprechen?,slow,Can you please speak a little slower?,,0.0
84886454896,laufen,"Ich mÃÂÃÂ¶chte nicht Auto fahren, ich mÃÂÃÂ¶chte laufen.",to walk/run,"I donÃÂÃÂt want to go by car, I want to walk.",,0.0
84886454897,laut,Nicht so laut! Das Baby schlÃÂÃÂ¤ft.,loud,Not so loud! The baby is sleeping.,,0.0
84886454898,leben,Sie lebt bei ihrer Schwester.,to live,She lives at her sisterÃÂÃÂs.,,0.0
84886454899,leben,Ihre Eltern leben nicht mehr.,to live,Her parents are no longer alive.,,0.0
84886454900,das Leben,Das Leben in diesem Land ist teuer.,life,Life in this country is expensive.,,0.0
84886454901,die Lebensmittel (pl.),Lebensmittel bekommen Sie im Supermarkt.,food,You can get food from the supermarket.,,0.0
84886454902,ledig,Sind Sie verheiratet? / Nein. Ledig.,single,Are you married? / No. Single.,"NB: marital status, not relationship status",0.0
84886454903,legen,Legen Sie das Buch auf den Tisch.,to put,Put the book on the table.,,0.0
84886454904,"der Lehrer, ÃÂÃÂ",Unsere Deutschlehrerin heiÃÂÃÂt Frau MÃÂÃÂ¼ller.,teacher,Our German teacher is called Ms MÃÂÃÂ¼ller.,,0.0
84886454905,leicht,Der Koffer ist leicht.,light (weight),The suitcase is light.,,0.0
84886454906,leicht,Deutsch ist nicht leicht.,easy,German is not easy.,,0.0
84886454907,leider,Leider kann ich nicht kommen. Ich muss zum Arzt.,unfortunately,Unfortunately I canÃÂÃÂt come. I need to go to the doctor.,,0.0
84886454908,leise,Seid leise. Die anderen schlafen schon.,quiet,Be quiet. The others are already asleep.,,0.0
84886454909,lernen,Wie lange lernen Sie schon Deutsch?,to learn,How long have you been learning German?,,0.0
84886454910,lesen,Ich lese ein Buch von GarcÃÂÃÂ­a MÃÂÃÂ¡rquez.,to read,IÃÂÃÂm reading a book by GarcÃÂÃÂ­a MÃÂÃÂ¡rquez.,,0.0
84886454911,letzt-,Morgen ist der letzte Kurstag.,last,Tomorrow is the last day of the course.,,0.0
84886454912,die Leute (pl.),In der Disko sind viele Leute.,people,There are a lot of people at the disco.,,0.0
84886454913,das Licht,Wo macht man hier das Licht an?,light,Where do you switch on the light here?,,0.0
84886454914,lieb-,"Liebe Susanne, lieber Hans,",dear,"Dear Susanne, dear Hans,",,0.0
84886454915,lieben,Ich liebe dich!,to love,I love you!,,0.0
84886454916,lieber,Sie fÃÂÃÂ¤hrt lieber mit der Bahn.,to prefer,She prefers to travel by train.,lieber + verb = to prefer doing something,0.0
84886454917,Lieblings-,Mein Lieblingsfilm ist ÃÂÃÂSchwarze AugenÃÂÃÂ.,favourite,My favourite film is ÃÂÃÂDark EyesÃÂÃÂ.,,0.0
84886454918,"das Lied, -er",Welches ist dein Lieblingslied?,song,Which is your favourite song?,,0.0
84886454919,liegen,Um neun Uhr liegt Judith noch im Bett.,to lie,At 9 am Judith is still (lying) in bed.,,0.0
84886454920,liegen,Frankfurt liegt am Main.,to lie / be located,Frankfurt lies on the Main.,NB: not used for humans,0.0
84886454921,links,Gehen Sie die nÃÂÃÂ¤chste StraÃÂÃÂe links.,left,Go down the next street on the left.,,0.0
84886454922,"der Lkw, -s",Dieser Lastkraftwagen ist sehr groÃÂÃÂ.,HGV,That heavy goods vehicle is very large.,,0.0
84886454923,das Lokal,In unserer StraÃÂÃÂe gibt es ein neues Lokal.,pub,There is a new pub on our street.,,0.0
84886454924,"die LÃÂÃÂ¶sung, -en",Die LÃÂÃÂ¶sung ist ganz einfach.,solution,The solution is quite simple.,,0.0
84886454925,lustig,Frau Mertens ist lustig. Sie lacht immer.,funny,Ms Mertens is funny. She is always laughing.,,0.0
84886454926,machen,Was machst du heute Abend?,to do,What are you doing this evening?,,0.0
84886454927,machen,Ich muss jetzt das Essen machen.,to make,I need to make the food now.,,0.0
84886454928,machen,Das macht 5 Euro 95.,to come to,That comes to 5 euros 95.,,0.0
84886454929,machen,Das macht nichts.,ÃÂÃÂ,It doesn't matter.,set phrase,0.0
84886454930,"das MÃÂÃÂ¤dchen, ÃÂÃÂ",Familie Kurz bekommt ein Baby. / Junge oder MÃÂÃÂ¤dchen?,girl,The Kurz family are expecting a new baby. / Boy or girl?,,0.0
84886454931,man,Hier darf man nicht rauchen.,one / impersonal ÃÂÃÂyouÃÂÃÂ,You may not smoke here.,NB: does not sound pretentious in German,0.0
84886454932,"der Mann, -ÃÂÃÂ¤, er",Mein Mann arbeitet bei der Polizei.,man / husband,My husband works for the police.,,0.0
84886454933,mÃÂÃÂ¤nnlich,Kreuzen Sie bitte an: ÃÂÃÂweiblichÃÂÃÂ oder ÃÂÃÂmÃÂÃÂ¤nnlichÃÂÃÂ.,male,Please tick ÃÂÃÂfemaleÃÂÃÂ or ÃÂÃÂmaleÃÂÃÂ.,,0.0
84886454934,"die Maschine, -n",Die Waschmaschine ist gÃÂÃÂ¼nstig.,machine,The washing machine is cheap.,,0.0
84886454935,das Meer,Wir machen Urlaub am Meer.,sea,We are holidaying by the sea.,,0.0
84886454936,mehr,Dieses Auto kostet 1.000 Euro mehr als das andere.,more,This car costs 1000 euros more than the other.,,0.0
84886454937,mein,Mein Vater ist Arzt.,my,My father is a doctor.,,0.0
84886454938,meist-,Die meisten Norddeutschen sind sehr groÃÂÃÂ.,most,Most northern Germans are very tall.,,0.0
84886454939,"der Mensch, -en",Die Menschen sind hier anders als bei uns.,people,The people here are different than at home.,,0.0
84886454940,mieten,Ich mÃÂÃÂ¶chte ein Auto mieten.,to rent,I would like to rent a car.,,0.0
84886454941,die Miete,Die Miete fÃÂÃÂ¼r diese Wohnung ist 600 Euro.,rent,The rent for this flat is 600 euros.,,0.0
84886454942,die Milch,Die Milch steht im KÃÂÃÂ¼hlschrank.,milk,The milk is in the fridge.,,0.0
84886454943,mit,Trinken Sie den Kaffee mit Milch?,with,Do you take milk with your coffee?,,0.0
84886454944,mitbringen,Ich gehe einkaufen. Soll ich dir was mitbringen?,to bring with one / to get (sth. for sb.),IÃÂÃÂm going shopping. Should I get you anything?,,0.0
84886454945,mitkommen,Ich gehe ins Kino. Kommst du mit?,to come with,IÃÂÃÂm going to the cinema. Are you coming with me?,,0.0
84886454946,mitmachen,Warum macht ihr nicht mit?,to join in,Why donÃÂÃÂt you join in?,NB: addressing a group informally,0.0
84886454947,mitnehmen,Nehmen wir meine Schwester ins Kino mit?,to take with,Are we taking my sister with us to the cinema?,,0.0
84886454948,die Mitte,Der Lehrer steht in der Mitte des Klassenzimmers.,middle,The teacher stands in the middle of the classroom.,,0.0
84886454949,die MÃÂÃÂ¶bel (pl.),Sind die MÃÂÃÂ¶bel neu?,furniture,Is the furniture new?,,0.0
84886454950,mÃÂÃÂ¶chten,Was mÃÂÃÂ¶chten Sie trinken?,would like to,What would you like to drink?,,0.0
84886454951,mÃÂÃÂ¶gen,Magst du Kaffee oder Tee?,to like,Do you like coffee or tea?,,0.0
84886454952,mÃÂÃÂ¶glich,Mit dieser Fahrkarte ist die Fahrt ab 9 Uhr mÃÂÃÂ¶glich.,possible,"With this ticket, it is possible to travel after 9 am.",,0.0
84886454953,der Moment,Moment mal bitte!,moment,"Just a moment, please!",,0.0
84886454954,der Moment,Einen Moment bitte.,moment,"One moment, please.",,0.0
84886454955,morgen,Morgen beginnt die Schule um 10 Uhr.,tomorrow,Tomorrow school begins at 10 am.,,0.0
84886454956,mÃÂÃÂ¼de,Ich bin mÃÂÃÂ¼de. Ich gehe schlafen.,tired,IÃÂÃÂm tired. IÃÂÃÂm going to sleep.,,0.0
84886454957,der Mund,ÃÂÃÂffnen Sie den Mund.,mouth,Open your mouth.,,0.0
84886454958,mÃÂÃÂ¼ssen,Ich muss jeden Tag von 8 Uhr bis 18 Uhr arbeiten.,to have to,I have to work from 8 am to 6 pm every day.,,0.0
84886454959,"die Mutter, -ÃÂÃÂ¼",Frau BerghÃÂÃÂ¤user ist die Mutter von Michaela.,mother,Ms BerghÃÂÃÂ¤user is the mother of Michaela.,,0.0
84886454960,nach,Ich gehe jetzt nach Hause.,to (somewhere),IÃÂÃÂm going home now.,,0.0
84886454961,nach,Ich fliege nach MÃÂÃÂ¼nchen.,to (somewhere),IÃÂÃÂm flying to Munich.,,0.0
84886454962,nach,Es ist schon 5 nach 12.,after / past (time),It is already 5 past 12.,,0.0
84886454963,nÃÂÃÂ¤chst-,Sehen wir uns nÃÂÃÂ¤chste Woche?,next,Are we seeing each other next week?,,0.0
84886454964,"der Name, -n",Mein Name ist Thomas Schmidt.,name,My name is Thomas Schmidt.,,0.0
84886454965,"der Name, -n","Mein Vorname ist Thomas, Schmidt ist der Familienname.",name,"My first name is Thomas, Schmidt is the surname.",,0.0
84886454966,nehmen,Heute gibt es HÃÂÃÂ¤hnchen. Das nehme ich.,to have (food/drink),There is chicken today. IÃÂÃÂll have that.,,0.0
84886454967,nehmen,Ich nehme den Bus.,to take,I take the bus.,,0.0
84886454968,nein,"FÃÂÃÂ¤hrst du auch nach MÃÂÃÂ¼nchen? / Nein, ich habe keine Zeit.",no,"Are you also travelling to Munich? / No, I donÃÂÃÂt have time.",,0.0
84886454969,neu,Ich bin der neue Kollege.,new,I am the new colleague.,NB: male,0.0
84886454970,neu,Wir haben eine neue Wohnung.,new,We have a new flat.,,0.0
84886454971,nicht,Das stimmt nicht.,not,ThatÃÂÃÂs not right.,,0.0
84886454972,nicht,"Das ist doch schÃÂÃÂ¶n, nicht?",no,"ThatÃÂÃÂs really beautiful, no?",,0.0
84886454973,nichts,Das macht nichts.,ÃÂÃÂ,"It's okay, don't worry.",set phrase,0.0
84886454974,nichts,Hier kaufe ich nichts. Der Laden gefÃÂÃÂ¤llt mir nicht.,nothing,I wonÃÂÃÂt buy anything here. I donÃÂÃÂt like the shop.,,0.0
84886454975,nie,Er kommt nie pÃÂÃÂ¼nktlich.,never,He is never on time.,,0.0
84886454976,noch,Vielleicht kommt er noch.,still,Perhaps he will still come.,,0.0
84886454977,noch,Wir warten noch fÃÂÃÂ¼nf Minuten.,another,We will wait another five minutes.,,0.0
84886454978,noch,Ich habe noch 20 Euro.,still,I still have 20 euros.,,0.0
84886454979,normal,75 kg. Sein Gewicht ist normal.,normal,75 kg. His weight is normal.,,0.0
84886454981,"die Nummer, -n",Welche Hausnummer haben Sie?,number,Which house number is yours?,,0.0
84886454982,"die Nummer, -n",KÃÂÃÂ¶nnen Sie mir Ihre Nummer geben?,number,Can you give me your number?,,0.0
84886454983,nur,Ich mÃÂÃÂ¶chte nur ein Glas Wasser.,only,I only want a glass of water.,,0.0
84886454984,oben,Ich wohne oben.,upstairs,I live upstairs.,,0.0
84886454985,das Obst,Im Sommer ist das Obst billig.,fruit,In summer fruit is cheap.,,0.0
84886454986,oder,Wann kÃÂÃÂ¶nnen Sie kommen ÃÂÃÂ heute oder morgen?,or,When can you come ÃÂÃÂ today or tomorrow?,,0.0
84886454987,ÃÂÃÂ¶ffnen,Ich ÃÂÃÂ¶ffne die TÃÂÃÂ¼r.,to open,I open the door.,,0.0
84886454988,geÃÂÃÂ¶ffnet,Der Laden ist samstags bis 16:00 Uhr geÃÂÃÂ¶ffnet.,open,The shop is open until 4 pm on Saturdays.,,0.0
84886454989,oft,Petra treffe ich oft.,often,I often meet Petra.,,0.0
84886454990,ohne,Ohne Geld kann er nichts kaufen.,without,Without money he canÃÂÃÂt buy anything.,,0.0
84886454991,das ÃÂÃÂl,Den Salat machen wir ohne ÃÂÃÂl.,oil,We make the salad without oil.,,0.0
84886454992,"die Oma, -s",Meine Oma ist schon tot.,grandmother,My grandmother is already dead.,,0.0
84886454993,"der Opa, -s",Mein Opa heiÃÂÃÂt Hans.,grandfather,My grandfather is called Hans.,,0.0
84886454994,die Ordnung,Das ist in Ordnung.,ÃÂÃÂ,That is in order/acceptable/fine.,,0.0
84886454995,"der Ort, -e",Der Ort liegt am Meer.,location / place,That place is by the sea.,,0.0
84886454996,das Papier,Hier sind Papier und Bleistift.,paper,Here is a pencil and paper.,,0.0
84886454997,die Papiere (pl.),Haben Sie Ihre Papiere dabei?,papers,Do you have your papers with you?,,0.0
84886454998,"der Partner, -/",Er is mein Partner.,(male) partner,He is my partner.,,0.0
84886454999,"die Partnerin, -nen",Sie ist meine Partnerin.,(female) partner,She is my partner.,,0.0
84886455000,die Party,Heute Abend machen wir eine Party.,party,This evening we are having a party.,,0.0
84886455001,"der Pass, -ÃÂÃÂ¤, e",Im Hotel brauchst du deinen Pass.,passport,In the hotel you need your passport.,,0.0
84886455002,"die Pause, -n",Von 12:00 bis 12:30 Uhr haben wir Mittagspause.,break,From 12 until 12:30 pm we have a lunch break.,,0.0
84886455003,"der Plan, -ÃÂÃÂ¤, e",Ich kaufe mir einen Stadtplan.,map / plan,I will buy myself a map of the town.,,0.0
84886455004,"der Platz, -ÃÂÃÂ¤, e","Tut mir leid, der Platz ist besetzt.",seat,"IÃÂÃÂm sorry, this seat is taken.",,0.0
84886455005,"der Platz, -ÃÂÃÂ¤, e",Bitte nehmen Sie Platz!,seat,Please take a seat!,,0.0
84886455006,"der Platz, -ÃÂÃÂ¤, e",Ich wohne neben dem Platz.,square,I live next to the square.,,0.0
84886455007,die Polizei,Holen Sie die Polizei!,police,Fetch the police!,,0.0
84886455008,die Pommes frites (pl.),Die Kinder essen HÃÂÃÂ¤hnchen mit Pommes frites.,chips,The children are eating chicken and chips.,,0.0
84886455009,die Post,"Wo ist die Post, bitte?",post office,"Where is the post office, please?",,1.0
84886455010,die Post,Ist Post da?,post / mail,Is there post?,,0.0
84886455011,die Postleitzahl,Wie ist Ihre Postleitzahl?,postcode,What is your postcode?,,0.0
84886455012,das Praktikum,Ich mache ein Praktikum bei Siemens.,internship,I am doing an internship at Siemens.,,0.0
84886455013,die Praxis,Die Praxis ist ab acht Uhr geÃÂÃÂ¶ffnet.,practice,The practice is open from 8 am.,,0.0
84886455014,"der Preis, -e",Die Preise sind hoch.,price,The prices are high.,,0.0
84886455015,"das Problem, -e",Mein Problem ist die Sprache.,problem,My problem is the language.,,0.0
84886455016,"der Prospekt, -e",Bitte schicken Sie mir einen Prospekt von Ihrem Hotel.,brochure,Please send me a brochure for your hotel.,,0.0
84886455017,die PrÃÂÃÂ¼fung,Die PrÃÂÃÂ¼fung ist am Montag um 8:00 Uhr.,examination,The exam is on Monday at 8 am.,,0.0
84886455018,pÃÂÃÂ¼nktlich,Der Bus fÃÂÃÂ¤hrt pÃÂÃÂ¼nktlich um acht Uhr.,sharp,The bus leaves at 8 am sharp.,,0.0
84886455019,pÃÂÃÂ¼nktlich,Herr MÃÂÃÂ¼ller ist immer pÃÂÃÂ¼nktlich.,punctual,Mr MÃÂÃÂ¼ller is always punctual.,,0.0
84886455020,Rad fahren,Das Kind kann schon Rad fahren.,to cycle,The child can already ride a bike.,,0.0
84886455021,rauchen,Ich rauche nicht.,to smoke,I donÃÂÃÂt smoke.,,0.0
84886455022,"der Raum, -ÃÂÃÂ¤, e",Der Unterricht ist in Raum 332.,room,The class is in room 332.,,0.0
84886455023,"die Rechnung, -en","Die Rechnung, bitte.",bill,"The bill, please.",,0.0
84886455024,rechts,Die SchillerstraÃÂÃÂe ist hier rechts.,right,SchillerstraÃÂÃÂe is on the right here.,,0.0
84886455025,regnen,Heute regnet es.,to rain,Today itÃÂÃÂs raining.,,0.0
84886455026,der Regen,Bei diesem Regen gehe ich nicht raus.,rain,IÃÂÃÂm not going out in this rain.,,0.0
84886455027,der Reis,Ich esse gern Reis.,rice,I like eating rice.,,0.0
84886455028,reisen,Ich reise gern.,to travel,I like to travel.,,0.0
84886455029,die Reise,Wir machen eine Reise nach ÃÂÃÂsterreich.,journey / trip,We are going on a trip to Austria.,,0.0
84886455030,"das ReisebÃÂÃÂ¼ro, -s",Mein Mann arbeitet im ReisebÃÂÃÂ¼ro.,travel agency,My husband works at a travel agency.,,0.0
84886455031,der ReisefÃÂÃÂ¼hrer,Ich kaufe mir einen ReisefÃÂÃÂ¼hrer von Berlin.,travel guide,I will buy myself a travel guide for Berlin.,,0.0
84886455032,der ReisefÃÂÃÂ¼hrer,Unser ReisefÃÂÃÂ¼hrer heiÃÂÃÂt Peter.,tour guide,Our tour guide is called Peter.,,0.0
84886455033,reparieren,Er hat das Fahrrad repariert.,to repair,He repaired the bicycle.,,0.0
84886455034,die Reparatur,Die Reparatur ist sehr teuer.,repair,The repair is very expensive.,,0.0
84886455035,"das Restaurant, -s",Wir essen heute in einem Restaurant.,restaurant,We are eating at a restaurant today.,,0.0
84886455036,die Rezeption,Fragen Sie bitte im Hotel an der Rezeption.,reception,Please ask at the hotel reception.,,0.0
84886455037,richtig,Habe ich das richtig verstanden?,correct,Have I understood that correctly?,,0.0
84886455038,richtig,Das ist richtig.,right / correct,That's right.,,0.0
84886455039,riechen,Dieser Wein riecht gut.,to smell,This wine smells good.,,0.0
84886455040,ruhig,Ich mÃÂÃÂ¶chte ein ruhiges Zimmer.,quiet,I would like a quiet room.,,0.0
84886455041,der Saft,MÃÂÃÂ¶chtest du einen Apfelsaft?,juice,Would you like an apple juice?,,0.0
84886455042,sagen,"Sag mal, wie geht es dir denn?",to say / tell,"Tell me, howÃÂÃÂs it going?",,0.0
84886455043,der Salat,Wie schmeckt dir der Salat?,salad,How does the salad taste?,,0.0
84886455044,das Salz,"Entschuldigung, kann ich bitte das Salz haben?",salt,"Excuse me, can I have the salt please?",,0.0
84886455045,"Satz, -ÃÂÃÂ¤, e",Dieser Satz ist sehr einfach.,sentence,This sentence is very simple.,,0.0
84886455046,die S-Bahn,Ich nehme lieber die S-Bahn.,commuter train,I prefer to take the commuter train.,,0.0
84886455047,der Schalter,Gehen Sie bitte zum Schalter drei!,counter,Please go to counter 3!,,0.0
84886455048,scheinen,Die Sonne scheint.,to shine,The sun is shining.,,0.0
84886455049,schicken,Bitte schicken Sie mir eine E-Mail.,to send,Please send me an email.,,0.0
84886455050,"das Schild, -er",Haben Sie nicht das Schild gesehen?,sign,Did you not see the sign?,,0.0
84886455051,"der Schinken, ÃÂÃÂ",Ich mÃÂÃÂ¶chte gern ein Schinkenbrot.,ham,I would like a ham roll.,,0.0
84886455052,schlafen,Ich schlafe meistens acht Stunden.,to sleep,I usually sleep for eight hours.,,0.0
84886455053,schlecht,Mir ist schlecht!,sick,I am sick.,NB: ill,0.0
84886455054,schlecht,Sie sehen schlecht aus.,bad,You look bad.,,0.0
84886455055,schlecht,Wir haben schlechtes Wetter.,bad,We have bad weather.,,0.0
84886455056,schlieÃÂÃÂen,"Bitte, schlieÃÂÃÂen Sie die TÃÂÃÂ¼r.",to close,Please close the door.,,0.0
84886455057,geschlossen,Die Bank hat am Samstag geschlossen.,closed,The bank is closed on Saturday.,,0.0
84886455058,der Schluss,Ich muss jetzt Schluss machen.,ÃÂÃÂ,I need to finish/wrap up now.,,0.0
84886455059,der Schluss,Zum Schluss gibt er uns allen die Hand.,end,"At the end, he shakes everyoneÃÂÃÂs hand.",,0.0
84886455060,"der SchlÃÂÃÂ¼ssel, ÃÂÃÂ",Ich gebe Ihnen noch den ZimmerschlÃÂÃÂ¼ssel.,key,IÃÂÃÂll give you the room key as well.,,0.0
84886455061,schmecken,Schmeckt das gut?,to taste,Does that taste good?,,0.0
84886455062,schnell,Er fÃÂÃÂ¤hrt schnell.,quick / fast,He drives fast.,,0.0
84886455063,schon,Ist das Essen schon fertig?,already,Is the food done already?,,0.0
84886455064,schÃÂÃÂ¶n,SchÃÂÃÂ¶nen Urlaub!,lovely,Have a lovely holiday!,,0.0
84886455065,schÃÂÃÂ¶n,Das ist sehr schÃÂÃÂ¶n.,beautiful,That is very beautiful.,,0.0
84886455066,"der Schrank, -ÃÂÃÂ¤, e",Die GlÃÂÃÂ¤ser stehen im Schrank.,cupboard,The glasses are in the cupboard.,,0.0
84886455067,schreiben,Er schreibt jeden Tag fÃÂÃÂ¼nfzig E-Mails.,to write,He writes fifty emails a day.,,0.0
84886455068,"der Schuh, -e",Zieh die Schuhe aus!,shoe,Take your shoes off!,,1.0
84886455069,die Schule,Meine Tochter geht schon in die Schule.,school,My daughter is already going to school.,,0.0
84886455070,die Schule,Die Schule ist gleich hier um die Ecke.,school,The school is right around the corner.,,0.0
84886455071,"der SchÃÂÃÂ¼ler, ÃÂÃÂ",In meinem Kurs sind acht SchÃÂÃÂ¼lerinnen und fÃÂÃÂ¼nf SchÃÂÃÂ¼ler.,pupil,In my course there are 7 female pupils and 5 male pupils.,,0.0
84886455072,schwer,Ist Ihr GepÃÂÃÂ¤ck sehr schwer?,heavy,Is your luggage very heavy?,,0.0
84886455073,schwer,Das ist eine schwere Arbeit.,difficult,That is a very difficult job.,,0.0
84886455074,"die Schwester, -n",Meine Schwester kommt am Dienstag.,sister,My sister is coming on Tuesday.,,0.0
84886455075,schwimmen,Ich schwimme jeden Tag einen Kilometer.,to swim,I swim a kilometre every day.,,0.0
84886455076,das Schwimmbad,Kommst du mit ins Schwimmbad?,swimming pool,Are you coming to the swimming pool with us?,,0.0
84886455077,der See,"Komm, wir fahren zum Starnberger See.",lake,"Come, weÃÂÃÂre going to Starnberg lake.",,0.0
84886455078,sehen,Ich kann dich nicht sehen.,to see,I canÃÂÃÂt see you.,,0.0
84886455079,sehen,Ich habe diesen Jungen schon einmal gesehen.,to see,I have seen this boy before.,,0.0
84886455080,"die SehenswÃÂÃÂ¼rdigkeit, -en",Welche SehenswÃÂÃÂ¼rdigkeiten gibt es in Frankfurt?,sights/attractions,Which sights are there to see in Frankfurt?,,0.0
84886455081,sehr,Danke sehr!,very,Thank you very much!,,0.0
84886455082,sehr,Das ist sehr schwer.,very,That is very heavy.,alt: That is very difficult.,0.0
84886455083,sein,Herr MÃÂÃÂ¼ller ist in seinem Zimmer.,his,Mr MÃÂÃÂ¼ller is in his room.,,0.0
84886455084,sein,Mir ist kalt.,to be,I'm cold.,,0.0
84886455085,sein,Ich bin dreiundzwanzig.,to be,I am twenty three.,,0.0
84886455086,an sein,Das Licht ist noch an.,to be on,The light is still on.,,0.0
84886455087,auf sein,Das Fenster ist noch auf.,to be open,The window is still open.,,0.0
84886455088,weg sein,Herr Meier ist schon weg.,to be gone,Mr Meier is already gone.,,0.0
84886455089,zu sein,Die TÃÂÃÂ¼r ist zu.,to be closed,The door is closed.,,0.0
84886455090,seit,Ich wohne seit drei Jahren in KÃÂÃÂ¶ln.,for (an amount of time),I have lived in Cologne for three years.,,0.0
84886455091,selbststÃÂÃÂ¤ndig,Er ist selbststÃÂÃÂ¤ndig.,independent,He is independent.,,0.0
84886455092,sich,Sie mÃÂÃÂ¼ssen sich erst anmelden.,yourself,You must register yourself first.,,0.0
84886455093,sie,Wie heiÃÂÃÂt sie?,she,What is she called?,,0.0
84886455094,Sie,"Wie heiÃÂÃÂen Sie, bitte?",you (polite),"What is your name, please?",,0.0
84886455095,sitzen,Wo sitzen Sie?,to sit,Where are you sitting?,,0.0
84886455096,so,Sie mÃÂÃÂ¼ssen das so machen!,like this,You must do it like this!,,0.0
84886455097,so,Fahren Sie bitte nicht so schnell!,so,Please donÃÂÃÂt drive so fast!,,0.0
84886455098,so,Meine Frau ist so groÃÂÃÂ wie ich.,as,My wife is as tall as me.,,0.0
84886455099,so,"So, das war's/wÃÂÃÂ¤r's!",so,"So, that's it!",,0.0
84886455100,das Sofa,Das Sofa ist neu.,sofa,The sofa is new.,,0.0
84886455101,sofort,Bitte antworten Sie sofort.,immediately,Please answer immediately.,,0.0
84886455102,"der Sohn, -ÃÂÃÂ¶, e","Das ist Hans, mein Sohn.",son,"That is Hans, my son.",,0.0
84886455103,sollen,Soll ich kommen?,should,Should I come?,,0.0
84886455104,sollen,Was soll ich mitbringen?,should,What should I bring with me?,,0.0
84886455105,die Sonne,Die Sonne scheint.,sun,The sun is shining.,,0.0
84886455106,spÃÂÃÂ¤t,"Es ist schon spÃÂÃÂ¤t, ich muss gehen.",late,"It is already late, I need to go.",,0.0
84886455107,spÃÂÃÂ¤ter,Das kÃÂÃÂ¶nnen wir spÃÂÃÂ¤ter machen.,later,We can do that later.,,0.0
84886455108,die Speisekarte,"Bringen Sie mir die Speisekarte, bitte.",menu,"Bring me the menu, please.",,0.0
84886455109,spielen,Die Kinder spielen drauÃÂÃÂen.,to play,The children are playing outside.,,0.0
84886455110,spielen,Spielen Sie Karten?,to play,Do you play cards?,,0.0
84886455111,der Sport,Ich mache viel Sport.,sport,I do a lot of sport.,,0.0
84886455112,"die Sprache, -n",Welche Sprachen sprichst du?,language,Which languages do you speak?,,0.0
84886455113,sprechen,Kann ich (mit) Herrn Klein sprechen?,to speak,Can I speak with Mr Klein?,,0.0
84886455114,"die Stadt, -ÃÂÃÂ¤, e",Heidelberg ist eine alte Stadt.,town / city,Heidelberg is an old town.,,0.0
84886455115,stehen,"Ich glaube es nicht, aber es steht in der Zeitung.",to be (written),"I donÃÂÃÂt believe it, but it says so in the paper.",,0.0
84886455116,stehen,Der Bus steht schon an der Haltestelle.,to be (located),The bus is already at the stop.,,0.0
84886455117,"die Stelle, -n",Ich habe eine neue Stelle.,job / position,I have a new job.,,0.0
84886455118,stellen,Stell die Tasche rechts in die Ecke!,to put,Put your bag on the right in the corner.,,0.0
84886455119,der Stock,Unsere Wohnung liegt im ersten Stock.,floor (of a building),Our flat is on the first floor.,,0.0
84886455120,"die StraÃÂÃÂe, -n",In welcher StraÃÂÃÂe wohnen Sie?,street,Which street do you live on?,,0.0
84886455121,die StraÃÂÃÂenbahn,Wo fÃÂÃÂ¤hrt die StraÃÂÃÂenbahn ab?,tram,From where does the tram depart?,,0.0
84886455122,studieren,Ich studiere in Mainz.,to study,I study in Mainz.,,0.0
84886455123,das Studium,Das Studium beginnt im Oktober.,degree course,The degree course begins in October.,,0.0
84886455124,"der Student, -en",Ich bin Studentin.,student,I am a student.,NB: female,0.0
84886455125,"die Stunde, -n",Ich bin in einer Stunde zurÃÂÃÂ¼ck.,hour,I will be back in an hour.,,0.0
84886455126,suchen,Suchst du etwas?,to look / search for,Are you looking for something?,,0.0
84886455127,tanzen,Tanzen Sie gern?,to dance,Do you like to dance?,,0.0
84886455128,"die Tasche, -n",Ich habe die SchlÃÂÃÂ¼ssel in der Tasche.,bag,I have the key in the bag.,,0.0
84886455129,"das Taxi, -s",Es gibt heute keinen Bus mehr. Er fÃÂÃÂ¤hrt mit dem Taxi.,taxi,There are no more buses today. He is travelling by taxi.,,0.0
84886455130,der Tee,Ich trinke morgens immer Tee.,tea,I always drink tea in the morning.,,0.0
84886455131,"der Teil, -e",Lies bitte auch den zweiten Teil.,part,Please also read the second part.,,0.0
84886455132,telefonieren,Darf ich mal telefonieren?,to telephone,May I make a phone call?,,0.0
84886455133,das Telefon,Haben Sie ein Telefon?,telephone,Do you have a telephone?,,0.0
84886455134,"der Termin, -e",Am besten machen wir sofort einen Termin.,appointment,It's best to make an appointment immediately.,,0.0
84886455135,der Test,Der Test war einfach.,test,The test was simple.,,0.0
84886455136,teuer,Das ist mir zu teuer.,expensive,That is too expensive for me.,,0.0
84886455137,"der Text, -e",Lesen Sie bitte diesen Text.,text,Please read this text.,,0.0
84886455138,das Thema,Wir sprechen heute ÃÂÃÂ¼ber das Thema ÃÂÃÂEssen und TrinkenÃÂÃÂ.,topic,Today we are talking about the topic ÃÂÃÂFood and DrinkÃÂÃÂ.,,0.0
84886455139,"das Ticket, -s",Wie viel kostet das Ticket?,ticket,How much does the ticket cost?,,0.0
84886455140,"der Tisch, -e",Die Fotos liegen auf dem Tisch.,table,The photos are on the table.,,0.0
84886455141,"die Tochter, -ÃÂÃÂ¶",Das ist meine Tochter Katharina.,daughter,That is my daughter Katharina.,,0.0
84886455142,"die Toilette, -en","Wo ist die Toilette, bitte?",toilet,"Where is the toilet, please?",,0.0
84886455143,"die Tomate, -n",Die Tomate ist noch grÃÂÃÂ¼n.,tomato,The tomato is still green.,,0.0
84886455144,tot,Sein Vater ist schon lange tot.,dead,His father has been dead for a long time.,,0.0
84886455145,(sich) treffen,Ich treffe in der Stadt einen Kollegen.,to meet,I am meeting a colleague in town.,NB: male,0.0
84886455146,(sich) treffen,Wir treffen uns immer freitags.,to meet,We always meet on Fridays.,,0.0
84886455147,"die Treppe, -n",Die Toilette? Die Treppe hoch und dann links.,stairs,The toilet? Up the stairs and then left.,,0.0
84886455148,trinken,MÃÂÃÂ¶chtest du etwas trinken?,to drink,Would you like something to drink?,,0.0
84886455149,tschÃÂÃÂ¼ss,Junge Leute sagen meistens ÃÂÃÂtschÃÂÃÂ¼ss!ÃÂÃÂ und nicht ÃÂÃÂauf WiedersehenÃÂÃÂ.,...,Young people mostly say ÃÂÃÂtschÃÂÃÂ¼ss!ÃÂÃÂ and not ÃÂÃÂauf WiedersehenÃÂÃÂ.,,0.0
84886455150,tun,Ich habe noch etwas zu tun.,to do,I still have something to do.,,0.0
84886455151,tun,Was tut Ihr Mann?,to do,What does your husband do?,NB: very broad question,0.0
84886455152,ÃÂÃÂ¼ber,Gehen Sie hier ÃÂÃÂ¼ber die StraÃÂÃÂe.,across,Go across the street here.,,0.0
84886455153,ÃÂÃÂ¼ber,Er wohnt im zweiten Stock ÃÂÃÂ¼ber Familie Meier.,above,He lives on the second floor above the Meier family.,,0.0
84886455154,ÃÂÃÂ¼ber,Sind Sie ÃÂÃÂ¼ber 18?,over,Are you over 18?,,0.0
84886455155,ÃÂÃÂ¼bernachten,Du kannst bei mir ÃÂÃÂ¼bernachten.,to stay overnight,You can stay at mine overnight.,,0.0
84886455156,ÃÂÃÂ¼berweisen,Sie kÃÂÃÂ¶nnen das Geld auch ÃÂÃÂ¼berweisen.,to transfer,You can also transfer the money.,,0.0
84886455157,die Uhr,Es ist vier Uhr.,o'clock / am / pm,It is four oÃÂÃÂclock.,,0.0
84886455158,um,Er kommt um sieben Uhr.,at,He is coming at seven oÃÂÃÂclock.,,0.0
84886455159,um,Da kommt er gerade um die Ecke.,around,Here he comes around the corner now.,,0.0
84886455160,umziehen,NÃÂÃÂ¤chsten Monat ziehen wir um.,to move (residence),Next month we are moving.,,0.0
84886455161,und,Peter und Helmut sind meine SÃÂÃÂ¶hne.,and,Peter and Helmut are my sons.,,1.0
84886455162,unser-,Das ist unsere Lehrerin.,our,That is our teacher.,NB: female,0.0
84886455163,unten,Er wohnt ganz unten im Haus.,at the bottom,He lives right at the bottom of the house.,,0.0
84886455164,unter,Unter uns wohnt eine Familie mit drei Kindern.,below,Below us lives a family with three children.,,0.0
84886455165,der Unterricht,Wir haben Unterricht von 8:00 bis 12:00 Uhr.,class,We have classes from 8 am until 12 pm.,,0.0
84886455166,unterschreiben,Wo muss ich unterschreiben?,to sign,Where do I need to sign?,,0.0
84886455167,die Unterschrift,Hier fehlt noch Ihre Unterschrift.,signature,Your signature is missing here.,,0.0
84886455168,der Urlaub,Ich nehme im September Urlaub.,holiday,IÃÂÃÂm taking holiday in September.,,0.0
84886455169,"der Vater, -ÃÂÃÂ¤",Mein Vater ist Arbeiter.,father,My father is a worker.,,0.0
84886455170,verboten,Hier ist Rauchen verboten.,forbidden,Smoking is forbidden here.,,0.0
84886455171,verdienen,Ich verdiene 1.500 Euro im Monat.,to earn,"I earn 1,500 euros per month.",,0.0
84886455172,der Verein,Es gibt einen neuen Sportverein in der Stadt.,club,There is a new sports club in the town.,,0.0
84886455173,verheiratet,Ich bin verheiratet und habe drei Kinder.,married,I am married and have three children.,,0.0
84886455174,verkaufen,Er verkauft sein altes Auto.,to sell,He is selling his old car.,,0.0
84886455175,"der VerkÃÂÃÂ¤ufer, ÃÂÃÂ",Meine Mutter ist VerkÃÂÃÂ¤uferin im Kaufhaus.,salesperson,My mother is a saleswoman in a department store.,,0.0
84886455176,vermieten,Die Wohnung ist schon vermietet.,to rent out,The flat is already rented out.,,0.0
84886455177,der Vermieter,Unser Vermieter heiÃÂÃÂt Huber. Er wohnt auch hier.,landlord,"Out landlord is called Huber. He lives here, too.",,0.0
84886455178,verstehen,KÃÂÃÂ¶nnen Sie mich verstehen?,to understand,Can you understand me?,,0.0
84886455179,"der Verwandte, -n",Peter besucht seine Verwandten in Polen.,relative,Peter visits his relatives in Poland.,,0.0
84886455180,viel,Hier regnet es viel.,a lot,It rains a lot here.,,0.0
84886455181,vielleicht,Ich komme vielleicht mit dem Bus.,perhaps / may(be),I may come by bus.,,0.0
84886455182,von,Das Auto von Felix ist kaputt.,"of (possessive ÃÂÃÂs"")",FelixÃÂÃÂs car is broken.,,0.0
84886455183,von,Er kommt gerade von KÃÂÃÂ¶ln/von zu Hause.,from,HeÃÂÃÂs coming from Cologne/home now.,,0.0
84886455184,vor,Der Termin war vor einer Stunde.,ago,The appointment was an hour ago.,,0.0
84886455185,vor,Das Auto steht vor der TÃÂÃÂ¼r.,in front of,The car is in front of the door.,,0.0
84886455186,"der Vorname, -n","Ich heiÃÂÃÂe MÃÂÃÂ¼ller, mein Vorname ist Eva.",first name,"IÃÂÃÂm called MÃÂÃÂ¼ller, my first name is Eva.",,0.0
84886455187,die Vorsicht,Vorsicht! Da kommt ein Auto.,ÃÂÃÂ,Careful! ThereÃÂÃÂs a car coming.,,0.0
84886455188,die Vorsicht,Er arbeitet mit Vorsicht.,attention,He works with caution.,,0.0
84886455189,(sich) vorstellen,Wir wollen uns kennenlernen. KÃÂÃÂ¶nnen Sie sich bitte vorstellen?,to introduce,We would like to get to know each other. Can you introduce yourself?,,0.0
84886455190,die Vorwahl,Wie ist die Vorwahl von MÃÂÃÂ¼nchen?,area code,What is the area code for Munich?,,0.0
84886455191,wandern,Wir wandern um den Chiemsee.,to hike,We are hiking around the Chiem lake.,,0.0
84886455192,wann,Wann bist du fertig?,when,When will you be finished?,,0.0
84886455193,wann,Wann kann ich Sie anrufen?,when,When can I call you?,,0.0
84886455194,wann,Wann sind Sie geboren?,when,When were you born?,,0.0
84886455195,warten,KÃÂÃÂ¶nnen Sie ein paar Minuten warten?,to wait,Can you wait a few minutes?,,0.0
84886455196,warten,Auf wen warten Sie?,to wait,Who are you waiting for?,,0.0
84886455197,warum,Warum kommt er nicht?,why,Why isnÃÂÃÂt he coming?,,0.0
84886455198,was,Was ist das?,what,What is that?,,0.0
84886455199,was,Was mÃÂÃÂ¶chten Sie?,what,What would you like?,,0.0
84886455200,was fÃÂÃÂ¼r ein,Was fÃÂÃÂ¼r eine Farbe mÃÂÃÂ¶chten Sie?,what kind of,What colour would you like?,,0.0
84886455201,(sich) waschen,Wo kann ich mir die HÃÂÃÂ¤nde waschen?,to wash,Where can I wash my hands?,,0.0
84886455202,(sich) waschen,Ich muss morgen waschen.,to wash,I need to do laundry tomorrow.,,0.0
84886455203,das Wasser,"Ein Glas Wasser, bitte.",water,"A glass of water, please.",,0.0
84886455204,weh tun,Ich muss zum Arzt. Mein Bein tut weh.,to hurt,I need to go to the doctor. My leg hurts.,,0.0
84886455205,weiblich,Kreuzen Sie bitte an: ÃÂÃÂweiblichÃÂÃÂ oder ÃÂÃÂmÃÂÃÂ¤nnlichÃÂÃÂ.,female,Please tick ÃÂÃÂfemaleÃÂÃÂ or ÃÂÃÂmaleÃÂÃÂ.,,0.0
84886455206,der Wein,"Nein danke, ich mÃÂÃÂ¶chte keinen Wein.",wine,"No thank you, I donÃÂÃÂt want any wine.",,0.0
84886455207,weit,Zum Bahnhof ist es nicht weit.,far,It is not far to the station.,,0.0
84886455208,weiter,Der Bus fÃÂÃÂ¤hrt nicht weiter.,further,The bus doesnÃÂÃÂt go any further.,,0.0
84886455209,welch-,Welches Buch mÃÂÃÂ¶chtest du?,which,Which book would you like?,,0.0
84886455210,die Welt,Es gibt viele Probleme auf der Welt.,world,There are many problems in the world.,,0.0
84886455211,wenig,Ich habe leider nur wenig verstanden.,little / not very much,Unfortunately I didn't understand very much.,,0.0
84886455212,wenig,Er verdient wenig.,little,He earns little.,,0.0
84886455213,wer,Wer ist das?,who,Who is that?,,0.0
84886455214,werden,Mein Sohn will Arzt werden.,to become,My son wants to become a doctor.,,0.0
84886455215,das Wetter,Wir hatten schlechtes Wetter.,weather,We had bad weather.,,0.0
84886455216,wichtig,Dieses Formular ist sehr wichtig.,important,This form is very important.,,0.0
84886455217,wie,Wie heiÃÂÃÂt du?,what,What are you called?,,0.0
84886455218,wie,Er schreibt wie ein Kind.,like,He writes like a child.,,0.0
84886455219,wie,Meine Frau ist so groÃÂÃÂ wie ich.,as,My wife is as tall as me.,,0.0
84886455220,wie,Wie soll ich das machen?,how,How should I do that?,,0.0
84886455221,wie,Wie groÃÂÃÂ ist die Wohnung?,how,How big is the flat?,,0.0
84886455222,wie,Wie bitte?,ÃÂÃÂ,Pardon?,,0.0
84886455223,wie,Wie lange bist du schon hier?,how,How long have you been here already?,,0.0
84886455224,wiederholen,KÃÂÃÂ¶nnen Sie das bitte wiederholen?,to repeat,"Can you repeat that, please?",,0.0
84886455225,das WiederhÃÂÃÂ¶ren,Wir mÃÂÃÂ¼ssen jetzt Schluss machen. Also auf WiederhÃÂÃÂ¶ren!,ÃÂÃÂ,"We have to wrap up. Right, goodbye!",NB: used on the telephone,0.0
84886455226,das Wiedersehen,Auf Wiedersehen!,ÃÂÃÂ,Goodbye!,lit: ÃÂÃÂuntil we see each other againÃÂÃÂ,0.0
84886455227,wie viel,Wie viel Milch nehmen Sie?,how much,How much milk do you take?,,0.0
84886455228,willkommen,Herzlich willkommen!,ÃÂÃÂ,Welcome!,,0.0
84886455229,der Wind,Der Wind kommt aus Osten.,wind,The wind is coming from the east.,,0.0
84886455230,wir,Wir lernen Deutsch.,we,We are learning German.,,0.0
84886455231,wissen,"WeiÃÂÃÂt du, wie er heiÃÂÃÂt?",to know,Do you now what he is called?,,0.0
84886455232,wo,Wo waren Sie im Urlaub?,where,Where were you on holiday?,,0.0
84886455233,wo,Wo ist die Post?,where,Where is the post office?,,0.0
84886455234,wo,Wo sind Sie geboren?,where,Where were you born?,,0.0
84886455235,woher,Woher kommen Sie?,from where,Where do you come from?,,0.0
84886455236,wohin,Wohin fÃÂÃÂ¤hrt dieser Bus?,to where,Where does this bus go?,,0.0
84886455237,wohin,Wohin wollen Sie am Wochenende?,to where,Where do you want to go this weekend?,,0.0
84886455238,wohnen,Ich wohne in MÃÂÃÂ¼nchen.,to live,I live in Munich.,,0.0
84886455239,"die Wohnung, -en",Seit wann haben Sie diese Wohnung?,flat,How long have you had this flat?,NB: for how long...?,0.0
84886455240,wollen,Wollen Sie einen Kaffee trinken?,to want,Do you want to get a coffee?,,0.0
84886455241,"das Wort, -ÃÂÃÂ¶, er/-e",Ich kenne das Wort nicht.,word,I donÃÂÃÂt know that word.,,0.0
84886455242,wunderbar,Das Essen schmeckt wunderbar.,wonderful,The food tastes wonderful.,,1.0
84886455243,zahlen,"Wir mÃÂÃÂ¶chten zahlen, bitte!",to pay,"WeÃÂÃÂd like to pay, please!",,0.0
84886455244,die Zeit,Ich habe heute keine Zeit.,time,I have no time today,,0.0
84886455245,zurzeit,Zurzeit habe ich sehr viel zu tun.,at the moment,I have a lot to do at the moment.,,0.0
84886455246,"die Zeitung, -en",Ich lese gern Zeitung.,newspaper,I like to read the newspaper.,,0.0
84886455247,"die Zigarette, -n",Wie teuer sind die Zigaretten?,cigarette,How expensive are the cigarettes?,,0.0
84886455248,"das Zimmer, ÃÂÃÂ",Das Zimmer ist groÃÂÃÂ.,room,The room is large.,,0.0
84886455249,"das Zimmer, ÃÂÃÂ","ÃÂÃÂffne im Schlafzimmer das Fenster, bitte!",room,"Open the window in the bedroom, please!",,0.0
84886455250,"das Zimmer, ÃÂÃÂ",Die Wohnung hat drei Zimmer.,room,The flat has three rooms.,,0.0
84886455251,"das Zimmer, ÃÂÃÂ",Ich habe ein Zimmer bestellt.,room,I have booked a room.,,0.0
84886455252,der Zoll,Wir mÃÂÃÂ¼ssen noch durch den Zoll.,customs,We still need to go through customs.,,0.0
84886455253,zu,Der Bus fÃÂÃÂ¤hrt zum Bahnhof.,to,The bus goes to the station.,,0.0
84886455254,zu,Ich gehe zu FuÃÂÃÂ.,by,I will go by foot.,,0.0
84886455255,zu,Ich bin zu Hause.,at,I am at home.,,0.0
84886455256,zufrieden,Ich bin mit der Wohnung zufrieden.,happy,I am happy with the flat.,,0.0
84886455257,"der Zug, -ÃÂÃÂ¼, e",Ich fahre gern mit dem Zug.,train,I like to travel by train.,,0.0
84886455258,zurÃÂÃÂ¼ck,Einmal Frankfurt und zurÃÂÃÂ¼ck.,return,A return to Frankfurt.,,0.0
84886455259,zurÃÂÃÂ¼ck,Wann kommst du zurÃÂÃÂ¼ck?,back,When are you coming back?,,0.0
84886455260,zusammen,Sollen wir zusammen essen gehen?,together,Should we go out to eat together?,,0.0
84886455261,zusammen,Das macht zusammen 2 Euro 80.,together,Together that comes to 2 euros 80.,,0.0
84886455262,zwischen,Heidelberg liegt zwischen Frankfurt und Stuttgart.,between,Heidelberg is located between Frankfurt and Stuttgart.,,0.0
84886455263,zwischen,Zwischen 8 und 10 Uhr bin ich zu Hause.,between,IÃÂÃÂm at home between 8 and 10 oÃÂÃÂclock.,,0.0
84887177160,eins,,one,,,0.0
84887177161,zwei,,two,,,0.0
84887177162,drei,,three,,,0.0
84887177163,vier,,four,,,0.0
84887177164,fÃÂÃÂ¼nf,,five,,,0.0
84887177165,sechs,,six,,,0.0
84887177166,sieben,,seven,,,0.0
84887177167,acht,,eight,,,0.0
84887177168,neun,,nine,,,0.0
84887177169,zehn,,ten,,,0.0
84887177170,elf,,eleven,,,0.0
84887177171,zwÃÂÃÂ¶lf,,twelve,,,0.0
84887177172,dreizehn,,thirteen,,,0.0
84887177173,vierzehn,,fourteen,,,0.0
84887177174,fÃÂÃÂ¼nfzehn,,fifteen,,,0.0
84887177175,sechzehn,,sixteen,,,0.0
84887177176,siebzehn,,seventeen,,,0.0
84887177177,achtzehn,,eighteen,,,0.0
84887177178,neunzehn,,nineteen,,,0.0
84887177179,zwanzig,,twenty,,,0.0
84887177180,einundzwanzig,,twenty one,,,1.0
84887177181,dreiÃÂÃÂig,,thirty,,,0.0
84887177182,vierzig,,fourty,,,0.0
84887177183,fÃÂÃÂ¼nfzig,,fifty,,,0.0
84887177184,sechzig,,sixty,,,0.0
84887177185,siebzig,,seventy,,,0.0
84887177186,achtzig,,eighty,,,0.0
84887177187,neunzig,,ninety,,,0.0
84887177188,(ein)hundert,,(one) hundred,,,0.0
84887177189,hunderteins,,one hundred and one,,,0.0
84887177190,zweihundert,,two hundred,,,0.0
84887177191,(ein)tausend,,(one) thousand,,,0.0
84887177192,"eine Million, -en",,one million,,,0.0
84887177193,"eine Milliarde, -en",,one billion,,,0.0
84887177194,erste,,first,,,0.0
84887177195,zweite,,second,,,0.0
84887177196,dritte,,third,,,0.0
84887177197,vierte,,fourth,,,0.0
84887177198,null Uhr drei,,time: 00:03,,,0.0
84887177199,sieben Uhr fÃÂÃÂ¼nfzehn,,time: 07:15,,,0.0
84887177200,dreizehn Uhr siebzehn,,time: 13:17,,,0.0
84887177201,vierundzwanzig Uhr,,time: 24:00,,,0.0
84887177202,"die Sekunde, -n",,second,,,0.0
84887177203,"die Minute, -n",,minute,,,0.0
84887177204,"die Stunde, -n",,hour,,,0.0
84887177205,"der Tag, -e",,day,,,0.0
84887177206,"die Woche, -e",,week,,,0.0
84887177207,"das Jahr, -e",,year,,,0.0
84887177208,ein Uhr,,one o'clock,,,0.0
84887177209,fÃÂÃÂ¼nf Minuten vor/nach eins (ein Uhr),,five to/past one (one oÃÂÃÂclock),,,0.0
84887177210,Viertel vor/nach zwei (zwei Uhr),,quarter to/past two (two oÃÂÃÂclock),,,1.0
84887177211,halb drei,,half past two,,,0.0
84887177212,ein halb; halb,,one half; half,,,0.0
84887177213,ein Viertel; Viertel,,one quarter; quarter,,,0.0
84887177214,neunzehnhundertneunundneunzig,,nineteen ninety nine,,,0.0
84887177215,zweitausendvierzehn,,two thousand and fourteen,,,0.0
84887177216,"der Wochentag, -e",,weekday,,,0.0
84887177217,der Sonntag,,Sunday,,,0.0
84887177218,der Montag,,Monday,,,0.0
84887177219,der Dienstag,,Tuesday,,,0.0
84887177220,der Mittwoch,,Wednesday,,,0.0
84887177221,der Donnerstag,,Thursday,,,0.0
84887177222,der Freitag,,Friday,,,0.0
84887177223,der Samstag/Sonnabend,,Saturday,,Sonnabend is outmoded.,0.0
84887177224,das Wochenende,,weekend,,,0.0
84887177225,am Wochenende,,at the weekend,,,0.0
84887177226,der Tag,,day,,,0.0
84887177227,der Morgen,,morning,,,0.0
84887177228,"der Vormittag,-e",,morning,,,0.0
84887177229,der Mittag,,midday,,,0.0
84887177230,"der Nachmittag,-e",,afternoon,,,0.0
84887177231,"der Abend,-e",,evening,,,0.0
84887177232,"die Nacht,ÃÂÃÂ¨-e",,night,,,0.0
84887177233,der Januar,,January,,,0.0
84887177234,der Februar,,February,,,0.0
84887177235,der MÃÂÃÂ¤rz,,March,,,0.0
84887177236,der April,,April,,,0.0
84887177237,der Mai,,May,,,0.0
84887177238,der Juni,,June,,,0.0
84887177239,der Juli,,July,,,0.0
84887177240,der August,,August,,,0.0
84887177241,der September,,September,,,0.0
84887177242,der Oktober,,October,,,1.0
84887177243,der November,,November,,,0.0
84887177244,der Dezember,,December,,,0.0
84887177245,der FrÃÂÃÂ¼hling/das FrÃÂÃÂ¼hjahr,,spring,,,0.0
84887177246,der Sommer,,summer,,,0.0
84887177247,der Herbst,,autumn,,,0.0
84887177248,der Winter,,winter,,,0.0
84887177249,ein Meter,,one metre,,,0.0
84887177250,ein Zentimeter,,one centimetre,,,0.0
84887177251,ein Meter fÃÂÃÂ¼nfzehn,,one metre fifteen,,,0.0
84887177252,zweihundert Kilometer,,two hundred kilometres,,,0.0
84887177253,ein Quadratmeter,,one square metre,,,0.0
84887177254,ein Grad unter Null/minus ein Grad,,one degree below zero/minus one degree,,,0.0
84887177255,vier Grad ÃÂÃÂ¼ber Null/plus vier Grad,,four degrees above zero/plus four degrees,,,0.0
84887177256,ein Prozent,,one percent,,,0.0
84887177257,ein Liter,,one litre,,,0.0
84887177258,ein Gramm,,one gram,,,0.0
84887177259,ein Pfund,,one pound,,,0.0
84887177260,ein Kilo(gramm),,one kilo(gram),,,0.0
84887177261,schwarz,,black,,,0.0
84887177262,grau,,grey,,,0.0
84887177263,blau,,blue,,,0.0
84887177264,grÃÂÃÂ¼n,,green,,,0.0
84887177265,weiÃÂÃÂ,,white,,,0.0
84887177266,rot,,red,,,0.0
84887177267,gelb,,yellow,,,0.0
84887177268,braun,,brown,,,0.0
84887177269,der Norden,,north,,,0.0
84887177270,der SÃÂÃÂ¼den,,south,,,0.0
84887177271,der Westen,,west,,,0.0
84887177272,der Osten,,east,,,0.0
86187263997,(sich) waschen,Ich wasche mich morgens.,to wash,I wash in the morning.,,0.0
87762765053,"die Nummer, -n",Sie haben Zimmer Nummer zwÃÂÃÂ¶lf.,number,You have room number twelve.,,0.0
